product_id,year,competitor_name,competitor_price,source_type
462163,2023,Competitor Alpha,317.34,Distributor Quote
462163,2023,Competitor Beta,304.67,Public Catalog
462163,2023,Competitor Gamma,305.47,Market Survey
462163,2025,Competitor Alpha,353.63,Public Catalog
462163,2025,Competitor Beta,335.39,Public Catalog
462163,2025,Competitor Gamma,356.51,Distributor Quote
561886,2024,Competitor Alpha,232.52,Distributor Quote
561886,2024,Competitor Beta,223.52,Public Catalog
561886,2024,Competitor Gamma,199.4,Public Catalog
561886,2025,Competitor Alpha,248.37,Distributor Quote
561886,2025,Competitor Beta,235.62,Sales Intelligence
561886,2025,Competitor Gamma,257.75,Distributor Quote
505333,2023,Competitor Alpha,445.63,Market Survey
505333,2023,Competitor Beta,440.76,Sales Intelligence
505333,2023,Competitor Gamma,408.02,Distributor Quote
505333,2024,Competitor Alpha,445.89,Public Catalog
505333,2024,Competitor Beta,425.87,Sales Intelligence
505333,2024,Competitor Gamma,434.9,Public Catalog
505333,2025,Competitor Alpha,511.88,Market Survey
505333,2025,Competitor Beta,417.76,Public Catalog
505333,2025,Competitor Gamma,415.12,Sales Intelligence
180321,2023,Competitor Alpha,212.59,Market Survey
180321,2023,Competitor Beta,248.1,Sales Intelligence
180321,2023,Competitor Gamma,200.29,Distributor Quote
180321,2024,Competitor Alpha,211.11,Market Survey
180321,2024,Competitor Beta,219.18,Public Catalog
180321,2024,Competitor Gamma,197.24,Public Catalog
180321,2025,Competitor Alpha,207.36,Distributor Quote
180321,2025,Competitor Beta,248.63,Distributor Quote
180321,2025,Competitor Gamma,259.77,Sales Intelligence
800544,2023,Competitor Alpha,154.57,Sales Intelligence
800544,2023,Competitor Beta,162.74,Market Survey
800544,2023,Competitor Gamma,172.49,Public Catalog
800544,2024,Competitor Alpha,160.84,Public Catalog
800544,2024,Competitor Beta,176.01,Distributor Quote
800544,2024,Competitor Gamma,151.2,Public Catalog
800544,2025,Competitor Alpha,148.31,Distributor Quote
800544,2025,Competitor Beta,159.35,Distributor Quote
800544,2025,Competitor Gamma,152.18,Public Catalog
973623,2023,Competitor Alpha,373.75,Distributor Quote
973623,2023,Competitor Beta,331.36,Market Survey
973623,2023,Competitor Gamma,338.32,Sales Intelligence
973623,2024,Competitor Alpha,332.94,Sales Intelligence
973623,2024,Competitor Beta,317.76,Sales Intelligence
973623,2024,Competitor Gamma,339.46,Sales Intelligence
973623,2025,Competitor Alpha,366.77,Public Catalog
973623,2025,Competitor Beta,388.51,Sales Intelligence
973623,2025,Competitor Gamma,323.4,Public Catalog
679462,2023,Competitor Alpha,274.76,Distributor Quote
679462,2023,Competitor Beta,230.05,Public Catalog
679462,2023,Competitor Gamma,199.28,Public Catalog
679462,2024,Competitor Alpha,250.06,Sales Intelligence
679462,2024,Competitor Beta,209.27,Market Survey
679462,2024,Competitor Gamma,198.15,Distributor Quote
679462,2025,Competitor Alpha,254.46,Market Survey
679462,2025,Competitor Beta,268.34,Sales Intelligence
679462,2025,Competitor Gamma,229.22,Distributor Quote
730465,2023,Competitor Alpha,207.96,Sales Intelligence
730465,2023,Competitor Beta,155.57,Market Survey
730465,2023,Competitor Gamma,181.4,Public Catalog
730465,2024,Competitor Alpha,183.92,Distributor Quote
730465,2024,Competitor Beta,182.76,Market Survey
730465,2024,Competitor Gamma,191.0,Sales Intelligence
730465,2025,Competitor Alpha,182.24,Sales Intelligence
730465,2025,Competitor Beta,190.63,Public Catalog
730465,2025,Competitor Gamma,206.81,Market Survey
349080,2023,Competitor Alpha,412.35,Market Survey
349080,2023,Competitor Beta,437.33,Sales Intelligence
349080,2023,Competitor Gamma,448.97,Distributor Quote
349080,2024,Competitor Alpha,385.86,Distributor Quote
349080,2024,Competitor Beta,453.36,Market Survey
349080,2024,Competitor Gamma,411.85,Sales Intelligence
349080,2025,Competitor Alpha,393.55,Market Survey
349080,2025,Competitor Beta,443.0,Public Catalog
349080,2025,Competitor Gamma,440.17,Public Catalog
501116,2023,Competitor Alpha,255.96,Distributor Quote
501116,2023,Competitor Beta,263.01,Distributor Quote
501116,2023,Competitor Gamma,241.47,Market Survey
501116,2024,Competitor Alpha,245.47,Market Survey
501116,2024,Competitor Beta,239.5,Public Catalog
501116,2024,Competitor Gamma,241.18,Public Catalog
419070,2023,Competitor Alpha,309.74,Sales Intelligence
419070,2023,Competitor Beta,277.51,Market Survey
419070,2023,Competitor Gamma,297.11,Sales Intelligence
419070,2024,Competitor Alpha,293.48,Distributor Quote
419070,2024,Competitor Beta,305.35,Sales Intelligence
419070,2024,Competitor Gamma,300.06,Public Catalog
419070,2025,Competitor Alpha,316.66,Public Catalog
419070,2025,Competitor Beta,304.59,Market Survey
419070,2025,Competitor Gamma,318.5,Distributor Quote
710125,2023,Competitor Alpha,434.33,Market Survey
710125,2023,Competitor Beta,406.71,Market Survey
710125,2023,Competitor Gamma,400.39,Sales Intelligence
710125,2024,Competitor Alpha,420.61,Public Catalog
710125,2024,Competitor Beta,446.2,Market Survey
710125,2024,Competitor Gamma,444.1,Public Catalog
710125,2025,Competitor Alpha,447.1,Market Survey
710125,2025,Competitor Beta,378.28,Market Survey
710125,2025,Competitor Gamma,465.56,Public Catalog
489693,2023,Competitor Alpha,111.56,Public Catalog
489693,2023,Competitor Beta,112.89,Sales Intelligence
489693,2023,Competitor Gamma,108.11,Market Survey
489693,2024,Competitor Alpha,128.79,Public Catalog
489693,2024,Competitor Beta,114.89,Sales Intelligence
489693,2024,Competitor Gamma,99.24,Public Catalog
489693,2025,Competitor Alpha,102.53,Sales Intelligence
489693,2025,Competitor Beta,126.95,Distributor Quote
489693,2025,Competitor Gamma,146.78,Public Catalog
161127,2023,Competitor Alpha,482.46,Sales Intelligence
161127,2023,Competitor Beta,483.76,Public Catalog
161127,2023,Competitor Gamma,499.34,Distributor Quote
161127,2024,Competitor Alpha,501.44,Public Catalog
161127,2024,Competitor Beta,565.45,Sales Intelligence
161127,2024,Competitor Gamma,563.03,Sales Intelligence
161127,2025,Competitor Alpha,618.05,Sales Intelligence
161127,2025,Competitor Beta,536.4,Market Survey
161127,2025,Competitor Gamma,536.69,Public Catalog
807430,2023,Competitor Alpha,375.16,Distributor Quote
807430,2023,Competitor Beta,402.75,Public Catalog
807430,2023,Competitor Gamma,348.0,Public Catalog
807430,2024,Competitor Alpha,408.48,Distributor Quote
807430,2024,Competitor Beta,357.99,Sales Intelligence
807430,2024,Competitor Gamma,357.72,Distributor Quote
573810,2023,Competitor Alpha,156.97,Distributor Quote
573810,2023,Competitor Beta,177.29,Market Survey
573810,2023,Competitor Gamma,150.75,Distributor Quote
573810,2024,Competitor Alpha,164.13,Distributor Quote
573810,2024,Competitor Beta,194.92,Distributor Quote
573810,2024,Competitor Gamma,153.79,Market Survey
573810,2025,Competitor Alpha,184.26,Market Survey
573810,2025,Competitor Beta,199.99,Market Survey
573810,2025,Competitor Gamma,138.29,Distributor Quote
550301,2023,Competitor Alpha,343.37,Market Survey
550301,2023,Competitor Beta,345.3,Market Survey
550301,2023,Competitor Gamma,364.43,Sales Intelligence
550301,2024,Competitor Alpha,377.93,Distributor Quote
550301,2024,Competitor Beta,384.58,Sales Intelligence
550301,2024,Competitor Gamma,389.05,Market Survey
550301,2025,Competitor Alpha,344.2,Distributor Quote
550301,2025,Competitor Beta,362.8,Sales Intelligence
550301,2025,Competitor Gamma,376.57,Sales Intelligence
782272,2023,Competitor Alpha,428.69,Sales Intelligence
782272,2023,Competitor Beta,489.31,Sales Intelligence
782272,2023,Competitor Gamma,479.03,Distributor Quote
782272,2024,Competitor Alpha,567.28,Sales Intelligence
782272,2024,Competitor Beta,473.81,Sales Intelligence
782272,2024,Competitor Gamma,508.62,Public Catalog
782272,2025,Competitor Alpha,542.24,Market Survey
782272,2025,Competitor Beta,475.8,Market Survey
782272,2025,Competitor Gamma,536.12,Sales Intelligence
281314,2023,Competitor Alpha,1067.05,Public Catalog
281314,2023,Competitor Beta,1128.92,Public Catalog
281314,2023,Competitor Gamma,1187.99,Distributor Quote
281314,2024,Competitor Alpha,1211.51,Sales Intelligence
281314,2024,Competitor Beta,924.61,Sales Intelligence
281314,2024,Competitor Gamma,1091.5,Public Catalog
281314,2025,Competitor Alpha,1111.85,Market Survey
281314,2025,Competitor Beta,976.0,Distributor Quote
281314,2025,Competitor Gamma,1202.55,Market Survey
855746,2023,Competitor Alpha,169.57,Sales Intelligence
855746,2023,Competitor Beta,131.21,Sales Intelligence
855746,2023,Competitor Gamma,148.43,Sales Intelligence
855746,2024,Competitor Alpha,151.18,Public Catalog
855746,2024,Competitor Beta,135.01,Distributor Quote
855746,2024,Competitor Gamma,146.55,Market Survey
855746,2025,Competitor Alpha,135.68,Distributor Quote
855746,2025,Competitor Beta,138.49,Market Survey
855746,2025,Competitor Gamma,156.88,Public Catalog
599116,2023,Competitor Alpha,220.5,Public Catalog
599116,2023,Competitor Beta,224.88,Market Survey
599116,2023,Competitor Gamma,219.07,Sales Intelligence
599116,2024,Competitor Alpha,210.57,Distributor Quote
599116,2024,Competitor Beta,229.36,Sales Intelligence
599116,2024,Competitor Gamma,218.12,Public Catalog
599116,2025,Competitor Alpha,229.44,Distributor Quote
599116,2025,Competitor Beta,227.33,Market Survey
599116,2025,Competitor Gamma,249.27,Sales Intelligence
840466,2023,Competitor Alpha,79.66,Distributor Quote
840466,2023,Competitor Beta,79.43,Sales Intelligence
840466,2023,Competitor Gamma,88.48,Public Catalog
840466,2025,Competitor Alpha,100.72,Public Catalog
840466,2025,Competitor Beta,90.14,Market Survey
840466,2025,Competitor Gamma,95.44,Sales Intelligence
248704,2023,Competitor Alpha,277.53,Public Catalog
248704,2023,Competitor Beta,282.92,Distributor Quote
248704,2023,Competitor Gamma,245.75,Sales Intelligence
248704,2024,Competitor Alpha,296.13,Sales Intelligence
248704,2024,Competitor Beta,287.09,Market Survey
248704,2024,Competitor Gamma,297.11,Public Catalog
248704,2025,Competitor Alpha,307.73,Public Catalog
248704,2025,Competitor Beta,275.39,Distributor Quote
248704,2025,Competitor Gamma,300.59,Public Catalog
727601,2023,Competitor Alpha,391.67,Sales Intelligence
727601,2023,Competitor Beta,400.65,Distributor Quote
727601,2023,Competitor Gamma,400.06,Market Survey
727601,2024,Competitor Alpha,422.1,Distributor Quote
727601,2024,Competitor Beta,411.47,Sales Intelligence
727601,2024,Competitor Gamma,447.62,Public Catalog
727601,2025,Competitor Alpha,415.62,Market Survey
727601,2025,Competitor Beta,471.94,Market Survey
727601,2025,Competitor Gamma,406.96,Sales Intelligence
899086,2023,Competitor Alpha,597.81,Market Survey
899086,2023,Competitor Beta,643.98,Distributor Quote
899086,2023,Competitor Gamma,700.98,Public Catalog
899086,2024,Competitor Alpha,681.66,Sales Intelligence
899086,2024,Competitor Beta,680.2,Public Catalog
899086,2024,Competitor Gamma,679.22,Distributor Quote
899086,2025,Competitor Alpha,748.15,Market Survey
899086,2025,Competitor Beta,719.89,Sales Intelligence
899086,2025,Competitor Gamma,767.51,Market Survey
903806,2023,Competitor Alpha,290.26,Sales Intelligence
903806,2023,Competitor Beta,237.89,Sales Intelligence
903806,2023,Competitor Gamma,275.26,Market Survey
903806,2024,Competitor Alpha,273.22,Public Catalog
903806,2024,Competitor Beta,365.81,Distributor Quote
903806,2024,Competitor Gamma,306.77,Sales Intelligence
903806,2025,Competitor Alpha,299.65,Public Catalog
903806,2025,Competitor Beta,357.4,Public Catalog
903806,2025,Competitor Gamma,327.76,Public Catalog
494969,2024,Competitor Alpha,1278.77,Public Catalog
494969,2024,Competitor Beta,1274.61,Market Survey
494969,2024,Competitor Gamma,1314.83,Distributor Quote
494969,2025,Competitor Alpha,1285.1,Public Catalog
494969,2025,Competitor Beta,1530.34,Distributor Quote
494969,2025,Competitor Gamma,1332.6,Public Catalog
182920,2023,Competitor Alpha,289.37,Sales Intelligence
182920,2023,Competitor Beta,347.57,Distributor Quote
182920,2023,Competitor Gamma,318.15,Public Catalog
182920,2024,Competitor Alpha,296.52,Distributor Quote
182920,2024,Competitor Beta,340.24,Distributor Quote
182920,2024,Competitor Gamma,301.1,Sales Intelligence
182920,2025,Competitor Alpha,346.31,Public Catalog
182920,2025,Competitor Beta,370.34,Market Survey
182920,2025,Competitor Gamma,321.97,Public Catalog
872699,2023,Competitor Alpha,316.85,Market Survey
872699,2023,Competitor Beta,278.08,Market Survey
872699,2023,Competitor Gamma,295.08,Market Survey
872699,2024,Competitor Alpha,296.87,Market Survey
872699,2024,Competitor Beta,296.6,Sales Intelligence
872699,2024,Competitor Gamma,290.33,Distributor Quote
872699,2025,Competitor Alpha,302.41,Distributor Quote
872699,2025,Competitor Beta,308.77,Distributor Quote
872699,2025,Competitor Gamma,318.34,Market Survey
934063,2023,Competitor Alpha,229.98,Market Survey
934063,2023,Competitor Beta,204.64,Distributor Quote
934063,2023,Competitor Gamma,187.63,Public Catalog
934063,2024,Competitor Alpha,221.37,Sales Intelligence
934063,2024,Competitor Beta,197.82,Market Survey
934063,2024,Competitor Gamma,205.54,Public Catalog
934063,2025,Competitor Alpha,226.01,Distributor Quote
934063,2025,Competitor Beta,215.05,Market Survey
934063,2025,Competitor Gamma,200.18,Sales Intelligence
668491,2023,Competitor Alpha,144.17,Sales Intelligence
668491,2023,Competitor Beta,160.57,Market Survey
668491,2023,Competitor Gamma,136.32,Market Survey
668491,2024,Competitor Alpha,161.79,Distributor Quote
668491,2024,Competitor Beta,165.7,Distributor Quote
668491,2024,Competitor Gamma,162.43,Market Survey
668491,2025,Competitor Alpha,180.93,Market Survey
668491,2025,Competitor Beta,148.97,Distributor Quote
668491,2025,Competitor Gamma,170.67,Sales Intelligence
689082,2024,Competitor Alpha,238.89,Market Survey
689082,2024,Competitor Beta,212.44,Distributor Quote
689082,2024,Competitor Gamma,221.17,Distributor Quote
689082,2025,Competitor Alpha,208.5,Distributor Quote
689082,2025,Competitor Beta,238.01,Market Survey
689082,2025,Competitor Gamma,217.4,Sales Intelligence
762149,2023,Competitor Alpha,433.66,Market Survey
762149,2023,Competitor Beta,527.06,Distributor Quote
762149,2023,Competitor Gamma,450.66,Distributor Quote
762149,2025,Competitor Alpha,456.33,Public Catalog
762149,2025,Competitor Beta,448.64,Public Catalog
762149,2025,Competitor Gamma,499.31,Sales Intelligence
505404,2023,Competitor Alpha,229.71,Market Survey
505404,2023,Competitor Beta,221.01,Distributor Quote
505404,2023,Competitor Gamma,233.0,Distributor Quote
505404,2024,Competitor Alpha,236.57,Public Catalog
505404,2024,Competitor Beta,219.72,Sales Intelligence
505404,2024,Competitor Gamma,234.73,Public Catalog
505404,2025,Competitor Alpha,249.06,Public Catalog
505404,2025,Competitor Beta,251.8,Sales Intelligence
505404,2025,Competitor Gamma,204.97,Sales Intelligence
978022,2023,Competitor Alpha,490.74,Market Survey
978022,2023,Competitor Beta,643.38,Public Catalog
978022,2023,Competitor Gamma,550.09,Public Catalog
978022,2024,Competitor Alpha,582.78,Distributor Quote
978022,2024,Competitor Beta,641.94,Market Survey
978022,2024,Competitor Gamma,488.49,Distributor Quote
745703,2023,Competitor Alpha,153.77,Market Survey
745703,2023,Competitor Beta,126.12,Sales Intelligence
745703,2023,Competitor Gamma,147.18,Distributor Quote
745703,2024,Competitor Alpha,152.14,Distributor Quote
745703,2024,Competitor Beta,164.66,Distributor Quote
745703,2024,Competitor Gamma,179.39,Distributor Quote
745703,2025,Competitor Alpha,173.15,Public Catalog
745703,2025,Competitor Beta,155.81,Public Catalog
745703,2025,Competitor Gamma,173.93,Market Survey
157434,2023,Competitor Alpha,838.73,Public Catalog
157434,2023,Competitor Beta,824.87,Public Catalog
157434,2023,Competitor Gamma,839.97,Distributor Quote
157434,2024,Competitor Alpha,954.31,Market Survey
157434,2024,Competitor Beta,688.98,Distributor Quote
157434,2024,Competitor Gamma,953.31,Sales Intelligence
157434,2025,Competitor Alpha,876.27,Sales Intelligence
157434,2025,Competitor Beta,983.56,Distributor Quote
157434,2025,Competitor Gamma,789.49,Sales Intelligence
784997,2023,Competitor Alpha,191.73,Distributor Quote
784997,2023,Competitor Beta,164.47,Market Survey
784997,2023,Competitor Gamma,184.78,Public Catalog
784997,2024,Competitor Alpha,192.66,Market Survey
784997,2024,Competitor Beta,180.88,Public Catalog
784997,2024,Competitor Gamma,202.34,Public Catalog
784997,2025,Competitor Alpha,188.01,Sales Intelligence
784997,2025,Competitor Beta,179.49,Market Survey
784997,2025,Competitor Gamma,198.49,Distributor Quote
499063,2023,Competitor Alpha,656.32,Sales Intelligence
499063,2023,Competitor Beta,706.93,Distributor Quote
499063,2023,Competitor Gamma,598.67,Sales Intelligence
499063,2024,Competitor Alpha,757.92,Public Catalog
499063,2024,Competitor Beta,814.78,Market Survey
499063,2024,Competitor Gamma,792.59,Distributor Quote
499063,2025,Competitor Alpha,655.93,Distributor Quote
499063,2025,Competitor Beta,739.15,Market Survey
499063,2025,Competitor Gamma,823.02,Market Survey
872450,2023,Competitor Alpha,390.41,Market Survey
872450,2023,Competitor Beta,321.68,Distributor Quote
872450,2023,Competitor Gamma,351.68,Distributor Quote
872450,2025,Competitor Alpha,413.94,Market Survey
872450,2025,Competitor Beta,417.09,Sales Intelligence
872450,2025,Competitor Gamma,412.92,Public Catalog
590874,2023,Competitor Alpha,835.76,Sales Intelligence
590874,2023,Competitor Beta,760.6,Sales Intelligence
590874,2023,Competitor Gamma,793.42,Market Survey
590874,2024,Competitor Alpha,761.92,Market Survey
590874,2024,Competitor Beta,786.9,Sales Intelligence
590874,2024,Competitor Gamma,831.55,Sales Intelligence
590874,2025,Competitor Alpha,888.09,Market Survey
590874,2025,Competitor Beta,874.68,Public Catalog
590874,2025,Competitor Gamma,935.73,Market Survey
304510,2023,Competitor Alpha,227.77,Sales Intelligence
304510,2023,Competitor Beta,229.58,Distributor Quote
304510,2023,Competitor Gamma,212.72,Market Survey
304510,2025,Competitor Alpha,260.31,Distributor Quote
304510,2025,Competitor Beta,289.55,Market Survey
304510,2025,Competitor Gamma,227.32,Market Survey
177347,2023,Competitor Alpha,517.13,Distributor Quote
177347,2023,Competitor Beta,551.02,Distributor Quote
177347,2023,Competitor Gamma,504.11,Sales Intelligence
177347,2024,Competitor Alpha,463.29,Public Catalog
177347,2024,Competitor Beta,503.79,Sales Intelligence
177347,2024,Competitor Gamma,563.63,Distributor Quote
177347,2025,Competitor Alpha,551.0,Sales Intelligence
177347,2025,Competitor Beta,593.22,Market Survey
177347,2025,Competitor Gamma,523.87,Sales Intelligence
803390,2023,Competitor Alpha,866.07,Public Catalog
803390,2023,Competitor Beta,852.96,Sales Intelligence
803390,2023,Competitor Gamma,934.51,Public Catalog
803390,2024,Competitor Alpha,865.17,Sales Intelligence
803390,2024,Competitor Beta,964.24,Public Catalog
803390,2024,Competitor Gamma,733.17,Public Catalog
803390,2025,Competitor Alpha,923.06,Public Catalog
803390,2025,Competitor Beta,1045.59,Public Catalog
803390,2025,Competitor Gamma,908.24,Sales Intelligence
796522,2023,Competitor Alpha,1034.22,Market Survey
796522,2023,Competitor Beta,1047.37,Market Survey
796522,2023,Competitor Gamma,1120.81,Market Survey
796522,2024,Competitor Alpha,1145.4,Distributor Quote
796522,2024,Competitor Beta,1067.62,Sales Intelligence
796522,2024,Competitor Gamma,988.6,Public Catalog
796522,2025,Competitor Alpha,1009.2,Distributor Quote
796522,2025,Competitor Beta,1185.89,Sales Intelligence
796522,2025,Competitor Gamma,1168.4,Market Survey
264289,2023,Competitor Alpha,201.51,Sales Intelligence
264289,2023,Competitor Beta,210.81,Market Survey
264289,2023,Competitor Gamma,213.44,Public Catalog
264289,2024,Competitor Alpha,217.09,Distributor Quote
264289,2024,Competitor Beta,241.48,Market Survey
264289,2024,Competitor Gamma,220.74,Distributor Quote
264289,2025,Competitor Alpha,226.25,Distributor Quote
264289,2025,Competitor Beta,246.03,Market Survey
264289,2025,Competitor Gamma,241.84,Distributor Quote
433707,2023,Competitor Alpha,307.36,Distributor Quote
433707,2023,Competitor Beta,346.35,Public Catalog
433707,2023,Competitor Gamma,353.07,Market Survey
433707,2024,Competitor Alpha,344.84,Distributor Quote
433707,2024,Competitor Beta,292.06,Market Survey
433707,2024,Competitor Gamma,335.29,Public Catalog
433707,2025,Competitor Alpha,413.23,Public Catalog
433707,2025,Competitor Beta,377.55,Sales Intelligence
433707,2025,Competitor Gamma,396.35,Distributor Quote
215298,2023,Competitor Alpha,84.57,Market Survey
215298,2023,Competitor Beta,91.83,Public Catalog
215298,2023,Competitor Gamma,98.29,Sales Intelligence
215298,2024,Competitor Alpha,95.64,Distributor Quote
215298,2024,Competitor Beta,90.33,Distributor Quote
215298,2024,Competitor Gamma,104.63,Public Catalog
215298,2025,Competitor Alpha,111.21,Public Catalog
215298,2025,Competitor Beta,99.6,Sales Intelligence
215298,2025,Competitor Gamma,98.88,Sales Intelligence
184755,2023,Competitor Alpha,529.85,Public Catalog
184755,2023,Competitor Beta,514.26,Distributor Quote
184755,2023,Competitor Gamma,569.93,Public Catalog
184755,2024,Competitor Alpha,586.04,Market Survey
184755,2024,Competitor Beta,597.49,Sales Intelligence
184755,2024,Competitor Gamma,578.46,Public Catalog
184755,2025,Competitor Alpha,489.64,Market Survey
184755,2025,Competitor Beta,646.92,Public Catalog
184755,2025,Competitor Gamma,534.87,Sales Intelligence
844857,2023,Competitor Alpha,193.9,Sales Intelligence
844857,2023,Competitor Beta,221.03,Market Survey
844857,2023,Competitor Gamma,224.12,Sales Intelligence
844857,2024,Competitor Alpha,243.45,Distributor Quote
844857,2024,Competitor Beta,226.4,Market Survey
844857,2024,Competitor Gamma,206.22,Sales Intelligence
844857,2025,Competitor Alpha,225.98,Distributor Quote
844857,2025,Competitor Beta,219.39,Public Catalog
844857,2025,Competitor Gamma,226.17,Sales Intelligence
