product_id,effective_date,unit_cost,cost_type
462163,2023-01-01,139.34,Manufacturing
462163,2023-02-01,143.63,Manufacturing
462163,2023-03-01,137.93,Manufacturing
462163,2023-04-01,157.01,Manufacturing
462163,2023-05-01,142.92,Manufacturing
462163,2023-06-01,136.71,Manufacturing
462163,2023-07-01,136.5,Manufacturing
462163,2023-08-01,136.53,Manufacturing
462163,2023-09-01,144.24,Manufacturing
462163,2023-10-01,140.21,Manufacturing
462163,2023-11-01,141.35,Manufacturing
462163,2023-12-01,136.04,Manufacturing
462163,2024-01-01,150.09,Manufacturing
462163,2024-02-01,153.23,Manufacturing
462163,2024-03-01,151.56,Manufacturing
462163,2024-04-01,152.47,Manufacturing
462163,2024-05-01,145.54,Manufacturing
462163,2024-06-01,153.8,Manufacturing
462163,2024-07-01,146.53,Manufacturing
462163,2024-08-01,148.74,Manufacturing
462163,2024-09-01,150.14,Manufacturing
462163,2024-10-01,149.53,Manufacturing
462163,2024-11-01,150.74,Manufacturing
462163,2024-12-01,147.75,Manufacturing
462163,2025-01-01,159.5,Manufacturing
462163,2025-02-01,173.0,Manufacturing
462163,2025-03-01,157.92,Manufacturing
462163,2025-04-01,150.32,Manufacturing
462163,2025-05-01,140.81,Manufacturing
462163,2025-06-01,161.6,Manufacturing
462163,2025-07-01,147.98,Manufacturing
462163,2025-08-01,154.81,Manufacturing
462163,2025-09-01,160.23,Manufacturing
462163,2025-10-01,150.65,Manufacturing
462163,2025-11-01,158.99,Manufacturing
462163,2025-12-01,149.39,Manufacturing
561886,2023-01-01,158.99,Manufacturing
561886,2023-02-01,161.45,Manufacturing
561886,2023-03-01,154.95,Manufacturing
561886,2023-04-01,157.61,Manufacturing
561886,2023-05-01,151.02,Manufacturing
561886,2023-06-01,155.41,Manufacturing
561886,2023-07-01,153.59,Manufacturing
561886,2023-08-01,159.87,Manufacturing
561886,2023-09-01,156.44,Manufacturing
561886,2023-10-01,158.48,Manufacturing
561886,2023-11-01,156.4,Manufacturing
561886,2023-12-01,153.58,Manufacturing
561886,2024-01-01,166.82,Manufacturing
561886,2024-02-01,167.67,Manufacturing
561886,2024-03-01,164.34,Manufacturing
561886,2024-04-01,169.3,Manufacturing
561886,2024-05-01,166.93,Manufacturing
561886,2024-06-01,160.9,Manufacturing
561886,2024-07-01,166.33,Manufacturing
561886,2024-08-01,168.77,Manufacturing
561886,2024-09-01,170.62,Manufacturing
561886,2024-10-01,169.58,Manufacturing
561886,2024-11-01,167.69,Manufacturing
561886,2024-12-01,162.73,Manufacturing
561886,2025-01-01,176.09,Manufacturing
561886,2025-02-01,172.48,Manufacturing
561886,2025-03-01,172.91,Manufacturing
561886,2025-04-01,179.56,Manufacturing
561886,2025-05-01,184.82,Manufacturing
561886,2025-06-01,179.98,Manufacturing
561886,2025-07-01,170.16,Manufacturing
561886,2025-08-01,176.94,Manufacturing
561886,2025-09-01,179.26,Manufacturing
561886,2025-10-01,170.91,Manufacturing
561886,2025-11-01,171.77,Manufacturing
561886,2025-12-01,177.59,Manufacturing
505333,2023-01-01,232.99,Manufacturing
505333,2023-02-01,250.02,Manufacturing
505333,2023-03-01,265.97,Manufacturing
505333,2023-04-01,240.77,Manufacturing
505333,2023-05-01,227.45,Manufacturing
505333,2023-06-01,236.4,Manufacturing
505333,2023-07-01,264.78,Manufacturing
505333,2023-08-01,234.13,Manufacturing
505333,2023-09-01,237.06,Manufacturing
505333,2023-10-01,243.1,Manufacturing
505333,2023-11-01,238.51,Manufacturing
505333,2023-12-01,230.05,Manufacturing
505333,2024-01-01,251.73,Manufacturing
505333,2024-02-01,259.06,Manufacturing
505333,2024-03-01,250.14,Manufacturing
505333,2024-04-01,252.92,Manufacturing
505333,2024-05-01,244.22,Manufacturing
505333,2024-06-01,259.51,Manufacturing
505333,2024-07-01,251.56,Manufacturing
505333,2024-08-01,254.06,Manufacturing
505333,2024-09-01,256.81,Manufacturing
505333,2024-10-01,252.01,Manufacturing
505333,2024-11-01,254.45,Manufacturing
505333,2024-12-01,250.89,Manufacturing
505333,2025-01-01,265.3,Manufacturing
505333,2025-02-01,289.47,Manufacturing
505333,2025-03-01,266.86,Manufacturing
505333,2025-04-01,263.23,Manufacturing
505333,2025-05-01,257.8,Manufacturing
505333,2025-06-01,270.34,Manufacturing
505333,2025-07-01,260.86,Manufacturing
505333,2025-08-01,258.06,Manufacturing
505333,2025-09-01,268.64,Manufacturing
505333,2025-10-01,248.41,Manufacturing
505333,2025-11-01,259.69,Manufacturing
505333,2025-12-01,269.14,Manufacturing
180321,2023-01-01,126.93,Manufacturing
180321,2023-02-01,122.97,Manufacturing
180321,2023-03-01,132.68,Manufacturing
180321,2023-04-01,125.04,Manufacturing
180321,2023-05-01,128.99,Manufacturing
180321,2023-06-01,139.08,Manufacturing
180321,2023-07-01,123.12,Manufacturing
180321,2023-08-01,127.35,Manufacturing
180321,2023-09-01,127.08,Manufacturing
180321,2023-10-01,120.82,Manufacturing
180321,2023-11-01,124.51,Manufacturing
180321,2023-12-01,128.24,Manufacturing
180321,2024-01-01,137.36,Manufacturing
180321,2024-02-01,131.41,Manufacturing
180321,2024-03-01,129.37,Manufacturing
180321,2024-04-01,131.48,Manufacturing
180321,2024-05-01,134.08,Manufacturing
180321,2024-06-01,130.45,Manufacturing
180321,2024-07-01,134.89,Manufacturing
180321,2024-08-01,135.71,Manufacturing
180321,2024-09-01,133.65,Manufacturing
180321,2024-10-01,132.03,Manufacturing
180321,2024-11-01,130.32,Manufacturing
180321,2024-12-01,137.4,Manufacturing
180321,2025-01-01,139.29,Manufacturing
180321,2025-02-01,141.32,Manufacturing
180321,2025-03-01,139.91,Manufacturing
180321,2025-04-01,139.96,Manufacturing
180321,2025-05-01,141.91,Manufacturing
180321,2025-06-01,143.68,Manufacturing
180321,2025-07-01,138.17,Manufacturing
180321,2025-08-01,141.88,Manufacturing
180321,2025-09-01,148.17,Manufacturing
180321,2025-10-01,142.78,Manufacturing
180321,2025-11-01,144.1,Manufacturing
180321,2025-12-01,142.32,Manufacturing
800544,2023-01-01,93.61,Manufacturing
800544,2023-02-01,94.85,Manufacturing
800544,2023-03-01,91.24,Manufacturing
800544,2023-04-01,91.93,Manufacturing
800544,2023-05-01,91.91,Manufacturing
800544,2023-06-01,93.56,Manufacturing
800544,2023-07-01,100.21,Manufacturing
800544,2023-08-01,103.21,Manufacturing
800544,2023-09-01,95.52,Manufacturing
800544,2023-10-01,94.6,Manufacturing
800544,2023-11-01,90.09,Manufacturing
800544,2023-12-01,96.41,Manufacturing
800544,2024-01-01,99.84,Manufacturing
800544,2024-02-01,92.86,Manufacturing
800544,2024-03-01,94.9,Manufacturing
800544,2024-04-01,93.79,Manufacturing
800544,2024-05-01,98.29,Manufacturing
800544,2024-06-01,101.36,Manufacturing
800544,2024-07-01,97.48,Manufacturing
800544,2024-08-01,96.9,Manufacturing
800544,2024-09-01,95.85,Manufacturing
800544,2024-10-01,97.71,Manufacturing
800544,2024-11-01,99.97,Manufacturing
800544,2024-12-01,101.6,Manufacturing
800544,2025-01-01,99.65,Manufacturing
800544,2025-02-01,101.67,Manufacturing
800544,2025-03-01,100.99,Manufacturing
800544,2025-04-01,103.06,Manufacturing
800544,2025-05-01,105.98,Manufacturing
800544,2025-06-01,101.27,Manufacturing
800544,2025-07-01,104.48,Manufacturing
800544,2025-08-01,104.81,Manufacturing
800544,2025-09-01,102.77,Manufacturing
800544,2025-10-01,102.65,Manufacturing
800544,2025-11-01,102.74,Manufacturing
800544,2025-12-01,102.36,Manufacturing
973623,2023-01-01,221.11,Manufacturing
973623,2023-02-01,233.95,Manufacturing
973623,2023-03-01,224.18,Manufacturing
973623,2023-04-01,231.07,Manufacturing
973623,2023-05-01,232.25,Manufacturing
973623,2023-06-01,221.41,Manufacturing
973623,2023-07-01,237.03,Manufacturing
973623,2023-08-01,226.54,Manufacturing
973623,2023-09-01,230.04,Manufacturing
973623,2023-10-01,231.21,Manufacturing
973623,2023-11-01,230.19,Manufacturing
973623,2023-12-01,228.59,Manufacturing
973623,2024-01-01,239.9,Manufacturing
973623,2024-02-01,240.06,Manufacturing
973623,2024-03-01,232.37,Manufacturing
973623,2024-04-01,248.39,Manufacturing
973623,2024-05-01,245.1,Manufacturing
973623,2024-06-01,229.48,Manufacturing
973623,2024-07-01,242.69,Manufacturing
973623,2024-08-01,249.47,Manufacturing
973623,2024-09-01,234.25,Manufacturing
973623,2024-10-01,240.06,Manufacturing
973623,2024-11-01,238.78,Manufacturing
973623,2024-12-01,270.97,Manufacturing
973623,2025-01-01,241.54,Manufacturing
973623,2025-02-01,252.13,Manufacturing
973623,2025-03-01,247.39,Manufacturing
973623,2025-04-01,250.63,Manufacturing
973623,2025-05-01,247.32,Manufacturing
973623,2025-06-01,250.89,Manufacturing
973623,2025-07-01,247.19,Manufacturing
973623,2025-08-01,248.99,Manufacturing
973623,2025-09-01,246.61,Manufacturing
973623,2025-10-01,249.4,Manufacturing
973623,2025-11-01,241.89,Manufacturing
973623,2025-12-01,276.2,Manufacturing
679462,2023-01-01,146.96,Manufacturing
679462,2023-02-01,141.18,Manufacturing
679462,2023-03-01,139.68,Manufacturing
679462,2023-04-01,135.28,Manufacturing
679462,2023-05-01,136.37,Manufacturing
679462,2023-06-01,142.63,Manufacturing
679462,2023-07-01,137.45,Manufacturing
679462,2023-08-01,136.21,Manufacturing
679462,2023-09-01,144.46,Manufacturing
679462,2023-10-01,139.58,Manufacturing
679462,2023-11-01,139.54,Manufacturing
679462,2023-12-01,144.05,Manufacturing
679462,2024-01-01,146.69,Manufacturing
679462,2024-02-01,150.54,Manufacturing
679462,2024-03-01,167.69,Manufacturing
679462,2024-04-01,153.41,Manufacturing
679462,2024-05-01,152.5,Manufacturing
679462,2024-06-01,162.34,Manufacturing
679462,2024-07-01,146.08,Manufacturing
679462,2024-08-01,146.43,Manufacturing
679462,2024-09-01,149.74,Manufacturing
679462,2024-10-01,149.88,Manufacturing
679462,2024-11-01,141.32,Manufacturing
679462,2024-12-01,166.1,Manufacturing
679462,2025-01-01,161.1,Manufacturing
679462,2025-02-01,154.98,Manufacturing
679462,2025-03-01,153.61,Manufacturing
679462,2025-04-01,148.19,Manufacturing
679462,2025-05-01,162.87,Manufacturing
679462,2025-06-01,157.73,Manufacturing
679462,2025-07-01,155.45,Manufacturing
679462,2025-08-01,156.52,Manufacturing
679462,2025-09-01,151.07,Manufacturing
679462,2025-10-01,158.8,Manufacturing
679462,2025-11-01,155.81,Manufacturing
679462,2025-12-01,159.52,Manufacturing
730465,2023-01-01,95.7,Manufacturing
730465,2023-02-01,90.3,Manufacturing
730465,2023-03-01,89.4,Manufacturing
730465,2023-04-01,92.01,Manufacturing
730465,2023-05-01,86.43,Manufacturing
730465,2023-06-01,92.42,Manufacturing
730465,2023-07-01,94.48,Manufacturing
730465,2023-08-01,93.0,Manufacturing
730465,2023-09-01,95.95,Manufacturing
730465,2023-10-01,92.16,Manufacturing
730465,2023-11-01,96.48,Manufacturing
730465,2023-12-01,88.93,Manufacturing
730465,2024-01-01,104.58,Manufacturing
730465,2024-02-01,100.1,Manufacturing
730465,2024-03-01,99.03,Manufacturing
730465,2024-04-01,96.72,Manufacturing
730465,2024-05-01,95.79,Manufacturing
730465,2024-06-01,99.63,Manufacturing
730465,2024-07-01,97.8,Manufacturing
730465,2024-08-01,92.32,Manufacturing
730465,2024-09-01,102.05,Manufacturing
730465,2024-10-01,100.7,Manufacturing
730465,2024-11-01,101.44,Manufacturing
730465,2024-12-01,99.32,Manufacturing
730465,2025-01-01,104.04,Manufacturing
730465,2025-02-01,103.43,Manufacturing
730465,2025-03-01,104.99,Manufacturing
730465,2025-04-01,101.93,Manufacturing
730465,2025-05-01,101.42,Manufacturing
730465,2025-06-01,105.16,Manufacturing
730465,2025-07-01,104.24,Manufacturing
730465,2025-08-01,105.74,Manufacturing
730465,2025-09-01,96.96,Manufacturing
730465,2025-10-01,102.28,Manufacturing
730465,2025-11-01,102.85,Manufacturing
730465,2025-12-01,107.89,Manufacturing
349080,2023-01-01,238.87,Manufacturing
349080,2023-02-01,227.49,Manufacturing
349080,2023-03-01,240.47,Manufacturing
349080,2023-04-01,234.18,Manufacturing
349080,2023-05-01,232.71,Manufacturing
349080,2023-06-01,241.23,Manufacturing
349080,2023-07-01,245.16,Manufacturing
349080,2023-08-01,233.62,Manufacturing
349080,2023-09-01,236.73,Manufacturing
349080,2023-10-01,233.06,Manufacturing
349080,2023-11-01,244.57,Manufacturing
349080,2023-12-01,238.35,Manufacturing
349080,2024-01-01,259.39,Manufacturing
349080,2024-02-01,246.65,Manufacturing
349080,2024-03-01,259.12,Manufacturing
349080,2024-04-01,240.54,Manufacturing
349080,2024-05-01,251.69,Manufacturing
349080,2024-06-01,248.51,Manufacturing
349080,2024-07-01,243.9,Manufacturing
349080,2024-08-01,245.93,Manufacturing
349080,2024-09-01,253.81,Manufacturing
349080,2024-10-01,246.52,Manufacturing
349080,2024-11-01,259.02,Manufacturing
349080,2024-12-01,248.78,Manufacturing
349080,2025-01-01,257.02,Manufacturing
349080,2025-02-01,268.36,Manufacturing
349080,2025-03-01,259.4,Manufacturing
349080,2025-04-01,252.99,Manufacturing
349080,2025-05-01,263.66,Manufacturing
349080,2025-06-01,259.51,Manufacturing
349080,2025-07-01,258.75,Manufacturing
349080,2025-08-01,265.51,Manufacturing
349080,2025-09-01,266.14,Manufacturing
349080,2025-10-01,261.85,Manufacturing
349080,2025-11-01,261.24,Manufacturing
349080,2025-12-01,255.64,Manufacturing
501116,2023-01-01,141.44,Manufacturing
501116,2023-02-01,132.67,Manufacturing
501116,2023-03-01,133.5,Manufacturing
501116,2023-04-01,135.62,Manufacturing
501116,2023-05-01,134.69,Manufacturing
501116,2023-06-01,139.58,Manufacturing
501116,2023-07-01,141.78,Manufacturing
501116,2023-08-01,132.97,Manufacturing
501116,2023-09-01,143.07,Manufacturing
501116,2023-10-01,132.96,Manufacturing
501116,2023-11-01,139.06,Manufacturing
501116,2023-12-01,141.14,Manufacturing
501116,2024-01-01,144.5,Manufacturing
501116,2024-02-01,143.3,Manufacturing
501116,2024-03-01,144.17,Manufacturing
501116,2024-04-01,145.53,Manufacturing
501116,2024-05-01,148.38,Manufacturing
501116,2024-06-01,148.2,Manufacturing
501116,2024-07-01,143.67,Manufacturing
501116,2024-08-01,141.3,Manufacturing
501116,2024-09-01,142.09,Manufacturing
501116,2024-10-01,145.15,Manufacturing
501116,2024-11-01,147.32,Manufacturing
501116,2024-12-01,144.15,Manufacturing
501116,2025-01-01,157.35,Manufacturing
501116,2025-02-01,152.42,Manufacturing
501116,2025-03-01,149.92,Manufacturing
501116,2025-04-01,152.92,Manufacturing
501116,2025-05-01,150.03,Manufacturing
501116,2025-06-01,149.67,Manufacturing
501116,2025-07-01,152.99,Manufacturing
501116,2025-08-01,157.27,Manufacturing
501116,2025-09-01,155.79,Manufacturing
501116,2025-10-01,151.36,Manufacturing
501116,2025-11-01,144.43,Manufacturing
501116,2025-12-01,157.53,Manufacturing
419070,2023-01-01,172.09,Manufacturing
419070,2023-02-01,157.62,Manufacturing
419070,2023-03-01,164.63,Manufacturing
419070,2023-04-01,168.89,Manufacturing
419070,2023-05-01,157.94,Manufacturing
419070,2023-06-01,159.67,Manufacturing
419070,2023-07-01,161.23,Manufacturing
419070,2023-08-01,161.1,Manufacturing
419070,2023-09-01,156.43,Manufacturing
419070,2023-10-01,159.27,Manufacturing
419070,2023-11-01,161.65,Manufacturing
419070,2023-12-01,160.76,Manufacturing
419070,2024-01-01,173.27,Manufacturing
419070,2024-02-01,176.22,Manufacturing
419070,2024-03-01,177.34,Manufacturing
419070,2024-04-01,173.35,Manufacturing
419070,2024-05-01,169.64,Manufacturing
419070,2024-06-01,167.96,Manufacturing
419070,2024-07-01,175.96,Manufacturing
419070,2024-08-01,171.86,Manufacturing
419070,2024-09-01,173.4,Manufacturing
419070,2024-10-01,174.95,Manufacturing
419070,2024-11-01,177.36,Manufacturing
419070,2024-12-01,173.83,Manufacturing
419070,2025-01-01,184.02,Manufacturing
419070,2025-02-01,181.13,Manufacturing
419070,2025-03-01,185.01,Manufacturing
419070,2025-04-01,176.52,Manufacturing
419070,2025-05-01,183.77,Manufacturing
419070,2025-06-01,177.64,Manufacturing
419070,2025-07-01,173.38,Manufacturing
419070,2025-08-01,185.25,Manufacturing
419070,2025-09-01,181.76,Manufacturing
419070,2025-10-01,184.41,Manufacturing
419070,2025-11-01,181.62,Manufacturing
419070,2025-12-01,184.24,Manufacturing
710125,2023-01-01,215.41,Manufacturing
710125,2023-02-01,208.42,Manufacturing
710125,2023-03-01,217.93,Manufacturing
710125,2023-04-01,211.7,Manufacturing
710125,2023-05-01,216.83,Manufacturing
710125,2023-06-01,229.57,Manufacturing
710125,2023-07-01,218.3,Manufacturing
710125,2023-08-01,214.89,Manufacturing
710125,2023-09-01,221.28,Manufacturing
710125,2023-10-01,222.56,Manufacturing
710125,2023-11-01,217.17,Manufacturing
710125,2023-12-01,215.54,Manufacturing
710125,2024-01-01,228.03,Manufacturing
710125,2024-02-01,220.53,Manufacturing
710125,2024-03-01,226.06,Manufacturing
710125,2024-04-01,230.31,Manufacturing
710125,2024-05-01,226.88,Manufacturing
710125,2024-06-01,229.01,Manufacturing
710125,2024-07-01,223.02,Manufacturing
710125,2024-08-01,233.4,Manufacturing
710125,2024-09-01,224.83,Manufacturing
710125,2024-10-01,232.48,Manufacturing
710125,2024-11-01,225.08,Manufacturing
710125,2024-12-01,224.17,Manufacturing
710125,2025-01-01,257.99,Manufacturing
710125,2025-02-01,237.79,Manufacturing
710125,2025-03-01,240.47,Manufacturing
710125,2025-04-01,238.81,Manufacturing
710125,2025-05-01,242.71,Manufacturing
710125,2025-06-01,245.53,Manufacturing
710125,2025-07-01,246.11,Manufacturing
710125,2025-08-01,238.23,Manufacturing
710125,2025-09-01,227.15,Manufacturing
710125,2025-10-01,242.1,Manufacturing
710125,2025-11-01,237.23,Manufacturing
710125,2025-12-01,238.14,Manufacturing
489693,2023-01-01,81.15,Manufacturing
489693,2023-02-01,91.96,Manufacturing
489693,2023-03-01,82.06,Manufacturing
489693,2023-04-01,84.5,Manufacturing
489693,2023-05-01,81.2,Manufacturing
489693,2023-06-01,81.78,Manufacturing
489693,2023-07-01,92.05,Manufacturing
489693,2023-08-01,86.53,Manufacturing
489693,2023-09-01,81.55,Manufacturing
489693,2023-10-01,83.88,Manufacturing
489693,2023-11-01,83.47,Manufacturing
489693,2023-12-01,88.56,Manufacturing
489693,2024-01-01,86.38,Manufacturing
489693,2024-02-01,87.94,Manufacturing
489693,2024-03-01,85.37,Manufacturing
489693,2024-04-01,82.57,Manufacturing
489693,2024-05-01,90.65,Manufacturing
489693,2024-06-01,90.29,Manufacturing
489693,2024-07-01,97.16,Manufacturing
489693,2024-08-01,86.89,Manufacturing
489693,2024-09-01,87.49,Manufacturing
489693,2024-10-01,90.58,Manufacturing
489693,2024-11-01,90.76,Manufacturing
489693,2024-12-01,88.32,Manufacturing
489693,2025-01-01,89.69,Manufacturing
489693,2025-02-01,91.52,Manufacturing
489693,2025-03-01,91.57,Manufacturing
489693,2025-04-01,93.92,Manufacturing
489693,2025-05-01,92.06,Manufacturing
489693,2025-06-01,89.68,Manufacturing
489693,2025-07-01,92.65,Manufacturing
489693,2025-08-01,93.94,Manufacturing
489693,2025-09-01,97.04,Manufacturing
489693,2025-10-01,87.4,Manufacturing
489693,2025-11-01,92.52,Manufacturing
489693,2025-12-01,90.59,Manufacturing
161127,2023-01-01,305.92,Manufacturing
161127,2023-02-01,303.36,Manufacturing
161127,2023-03-01,300.18,Manufacturing
161127,2023-04-01,300.63,Manufacturing
161127,2023-05-01,312.0,Manufacturing
161127,2023-06-01,307.87,Manufacturing
161127,2023-07-01,320.93,Manufacturing
161127,2023-08-01,293.47,Manufacturing
161127,2023-09-01,319.55,Manufacturing
161127,2023-10-01,301.8,Manufacturing
161127,2023-11-01,320.12,Manufacturing
161127,2023-12-01,301.86,Manufacturing
161127,2024-01-01,338.92,Manufacturing
161127,2024-02-01,330.24,Manufacturing
161127,2024-03-01,328.45,Manufacturing
161127,2024-04-01,328.67,Manufacturing
161127,2024-05-01,322.61,Manufacturing
161127,2024-06-01,319.57,Manufacturing
161127,2024-07-01,334.97,Manufacturing
161127,2024-08-01,324.47,Manufacturing
161127,2024-09-01,325.88,Manufacturing
161127,2024-10-01,317.72,Manufacturing
161127,2024-11-01,368.84,Manufacturing
161127,2024-12-01,310.66,Manufacturing
161127,2025-01-01,338.95,Manufacturing
161127,2025-02-01,338.59,Manufacturing
161127,2025-03-01,345.82,Manufacturing
161127,2025-04-01,343.25,Manufacturing
161127,2025-05-01,347.52,Manufacturing
161127,2025-06-01,356.15,Manufacturing
161127,2025-07-01,357.93,Manufacturing
161127,2025-08-01,356.64,Manufacturing
161127,2025-09-01,347.11,Manufacturing
161127,2025-10-01,341.52,Manufacturing
161127,2025-11-01,356.95,Manufacturing
161127,2025-12-01,348.24,Manufacturing
807430,2023-01-01,178.23,Manufacturing
807430,2023-02-01,182.0,Manufacturing
807430,2023-03-01,172.62,Manufacturing
807430,2023-04-01,168.9,Manufacturing
807430,2023-05-01,177.72,Manufacturing
807430,2023-06-01,177.28,Manufacturing
807430,2023-07-01,175.19,Manufacturing
807430,2023-08-01,179.41,Manufacturing
807430,2023-09-01,173.28,Manufacturing
807430,2023-10-01,183.95,Manufacturing
807430,2023-11-01,173.45,Manufacturing
807430,2023-12-01,170.55,Manufacturing
807430,2024-01-01,178.44,Manufacturing
807430,2024-02-01,188.2,Manufacturing
807430,2024-03-01,184.86,Manufacturing
807430,2024-04-01,182.63,Manufacturing
807430,2024-05-01,188.58,Manufacturing
807430,2024-06-01,183.76,Manufacturing
807430,2024-07-01,184.95,Manufacturing
807430,2024-08-01,183.6,Manufacturing
807430,2024-09-01,182.82,Manufacturing
807430,2024-10-01,187.83,Manufacturing
807430,2024-11-01,188.7,Manufacturing
807430,2024-12-01,190.3,Manufacturing
807430,2025-01-01,186.32,Manufacturing
807430,2025-02-01,194.28,Manufacturing
807430,2025-03-01,192.76,Manufacturing
807430,2025-04-01,198.52,Manufacturing
807430,2025-05-01,199.28,Manufacturing
807430,2025-06-01,203.96,Manufacturing
807430,2025-07-01,191.92,Manufacturing
807430,2025-08-01,191.83,Manufacturing
807430,2025-09-01,194.05,Manufacturing
807430,2025-10-01,195.64,Manufacturing
807430,2025-11-01,211.88,Manufacturing
807430,2025-12-01,198.73,Manufacturing
573810,2023-01-01,79.72,Manufacturing
573810,2023-02-01,77.85,Manufacturing
573810,2023-03-01,76.16,Manufacturing
573810,2023-04-01,80.46,Manufacturing
573810,2023-05-01,76.17,Manufacturing
573810,2023-06-01,75.7,Manufacturing
573810,2023-07-01,74.39,Manufacturing
573810,2023-08-01,81.36,Manufacturing
573810,2023-09-01,78.19,Manufacturing
573810,2023-10-01,76.52,Manufacturing
573810,2023-11-01,77.27,Manufacturing
573810,2023-12-01,73.6,Manufacturing
573810,2024-01-01,80.21,Manufacturing
573810,2024-02-01,85.31,Manufacturing
573810,2024-03-01,83.36,Manufacturing
573810,2024-04-01,81.69,Manufacturing
573810,2024-05-01,81.62,Manufacturing
573810,2024-06-01,83.84,Manufacturing
573810,2024-07-01,85.16,Manufacturing
573810,2024-08-01,82.57,Manufacturing
573810,2024-09-01,83.43,Manufacturing
573810,2024-10-01,82.29,Manufacturing
573810,2024-11-01,83.92,Manufacturing
573810,2024-12-01,79.71,Manufacturing
573810,2025-01-01,84.72,Manufacturing
573810,2025-02-01,85.36,Manufacturing
573810,2025-03-01,84.37,Manufacturing
573810,2025-04-01,87.84,Manufacturing
573810,2025-05-01,85.24,Manufacturing
573810,2025-06-01,81.68,Manufacturing
573810,2025-07-01,96.45,Manufacturing
573810,2025-08-01,84.99,Manufacturing
573810,2025-09-01,89.33,Manufacturing
573810,2025-10-01,87.62,Manufacturing
573810,2025-11-01,84.5,Manufacturing
573810,2025-12-01,87.09,Manufacturing
550301,2023-01-01,221.72,Manufacturing
550301,2023-02-01,208.64,Manufacturing
550301,2023-03-01,228.23,Manufacturing
550301,2023-04-01,217.68,Manufacturing
550301,2023-05-01,210.78,Manufacturing
550301,2023-06-01,210.09,Manufacturing
550301,2023-07-01,221.48,Manufacturing
550301,2023-08-01,216.62,Manufacturing
550301,2023-09-01,214.52,Manufacturing
550301,2023-10-01,213.61,Manufacturing
550301,2023-11-01,210.5,Manufacturing
550301,2023-12-01,209.26,Manufacturing
550301,2024-01-01,226.57,Manufacturing
550301,2024-02-01,221.51,Manufacturing
550301,2024-03-01,225.82,Manufacturing
550301,2024-04-01,224.65,Manufacturing
550301,2024-05-01,222.56,Manufacturing
550301,2024-06-01,227.79,Manufacturing
550301,2024-07-01,225.03,Manufacturing
550301,2024-08-01,228.56,Manufacturing
550301,2024-09-01,226.76,Manufacturing
550301,2024-10-01,218.08,Manufacturing
550301,2024-11-01,233.54,Manufacturing
550301,2024-12-01,225.74,Manufacturing
550301,2025-01-01,240.11,Manufacturing
550301,2025-02-01,232.76,Manufacturing
550301,2025-03-01,247.52,Manufacturing
550301,2025-04-01,242.31,Manufacturing
550301,2025-05-01,242.41,Manufacturing
550301,2025-06-01,232.24,Manufacturing
550301,2025-07-01,235.53,Manufacturing
550301,2025-08-01,249.22,Manufacturing
550301,2025-09-01,244.16,Manufacturing
550301,2025-10-01,237.28,Manufacturing
550301,2025-11-01,241.75,Manufacturing
550301,2025-12-01,241.39,Manufacturing
782272,2023-01-01,235.66,Manufacturing
782272,2023-02-01,239.73,Manufacturing
782272,2023-03-01,249.98,Manufacturing
782272,2023-04-01,239.83,Manufacturing
782272,2023-05-01,269.99,Manufacturing
782272,2023-06-01,236.74,Manufacturing
782272,2023-07-01,238.73,Manufacturing
782272,2023-08-01,241.35,Manufacturing
782272,2023-09-01,229.14,Manufacturing
782272,2023-10-01,241.5,Manufacturing
782272,2023-11-01,238.63,Manufacturing
782272,2023-12-01,239.06,Manufacturing
782272,2024-01-01,242.7,Manufacturing
782272,2024-02-01,251.69,Manufacturing
782272,2024-03-01,253.1,Manufacturing
782272,2024-04-01,256.9,Manufacturing
782272,2024-05-01,254.23,Manufacturing
782272,2024-06-01,258.44,Manufacturing
782272,2024-07-01,245.26,Manufacturing
782272,2024-08-01,247.16,Manufacturing
782272,2024-09-01,259.13,Manufacturing
782272,2024-10-01,252.11,Manufacturing
782272,2024-11-01,259.34,Manufacturing
782272,2024-12-01,245.05,Manufacturing
782272,2025-01-01,263.62,Manufacturing
782272,2025-02-01,261.62,Manufacturing
782272,2025-03-01,264.61,Manufacturing
782272,2025-04-01,282.86,Manufacturing
782272,2025-05-01,256.83,Manufacturing
782272,2025-06-01,268.25,Manufacturing
782272,2025-07-01,263.36,Manufacturing
782272,2025-08-01,268.34,Manufacturing
782272,2025-09-01,255.97,Manufacturing
782272,2025-10-01,260.85,Manufacturing
782272,2025-11-01,271.45,Manufacturing
782272,2025-12-01,259.16,Manufacturing
281314,2023-01-01,534.88,Manufacturing
281314,2023-02-01,532.38,Manufacturing
281314,2023-03-01,532.68,Manufacturing
281314,2023-04-01,525.89,Manufacturing
281314,2023-05-01,524.07,Manufacturing
281314,2023-06-01,513.0,Manufacturing
281314,2023-07-01,533.07,Manufacturing
281314,2023-08-01,511.19,Manufacturing
281314,2023-09-01,525.98,Manufacturing
281314,2023-10-01,517.36,Manufacturing
281314,2023-11-01,532.79,Manufacturing
281314,2023-12-01,523.83,Manufacturing
281314,2024-01-01,560.86,Manufacturing
281314,2024-02-01,578.49,Manufacturing
281314,2024-03-01,563.26,Manufacturing
281314,2024-04-01,569.91,Manufacturing
281314,2024-05-01,541.75,Manufacturing
281314,2024-06-01,561.9,Manufacturing
281314,2024-07-01,540.57,Manufacturing
281314,2024-08-01,555.36,Manufacturing
281314,2024-09-01,538.39,Manufacturing
281314,2024-10-01,566.36,Manufacturing
281314,2024-11-01,543.46,Manufacturing
281314,2024-12-01,562.93,Manufacturing
281314,2025-01-01,583.02,Manufacturing
281314,2025-02-01,580.41,Manufacturing
281314,2025-03-01,586.91,Manufacturing
281314,2025-04-01,660.05,Manufacturing
281314,2025-05-01,571.89,Manufacturing
281314,2025-06-01,575.49,Manufacturing
281314,2025-07-01,581.64,Manufacturing
281314,2025-08-01,586.85,Manufacturing
281314,2025-09-01,583.7,Manufacturing
281314,2025-10-01,601.9,Manufacturing
281314,2025-11-01,590.63,Manufacturing
281314,2025-12-01,599.19,Manufacturing
855746,2023-01-01,89.21,Manufacturing
855746,2023-02-01,86.83,Manufacturing
855746,2023-03-01,85.45,Manufacturing
855746,2023-04-01,87.23,Manufacturing
855746,2023-05-01,88.98,Manufacturing
855746,2023-06-01,86.69,Manufacturing
855746,2023-07-01,88.34,Manufacturing
855746,2023-08-01,89.03,Manufacturing
855746,2023-09-01,87.92,Manufacturing
855746,2023-10-01,88.65,Manufacturing
855746,2023-11-01,88.81,Manufacturing
855746,2023-12-01,89.13,Manufacturing
855746,2024-01-01,92.99,Manufacturing
855746,2024-02-01,97.39,Manufacturing
855746,2024-03-01,92.29,Manufacturing
855746,2024-04-01,95.76,Manufacturing
855746,2024-05-01,91.19,Manufacturing
855746,2024-06-01,93.1,Manufacturing
855746,2024-07-01,91.74,Manufacturing
855746,2024-08-01,87.24,Manufacturing
855746,2024-09-01,92.67,Manufacturing
855746,2024-10-01,91.34,Manufacturing
855746,2024-11-01,91.32,Manufacturing
855746,2024-12-01,91.44,Manufacturing
855746,2025-01-01,99.31,Manufacturing
855746,2025-02-01,101.51,Manufacturing
855746,2025-03-01,95.57,Manufacturing
855746,2025-04-01,98.27,Manufacturing
855746,2025-05-01,96.8,Manufacturing
855746,2025-06-01,95.82,Manufacturing
855746,2025-07-01,96.24,Manufacturing
855746,2025-08-01,97.68,Manufacturing
855746,2025-09-01,99.5,Manufacturing
855746,2025-10-01,95.6,Manufacturing
855746,2025-11-01,99.34,Manufacturing
855746,2025-12-01,96.47,Manufacturing
599116,2023-01-01,182.66,Manufacturing
599116,2023-02-01,162.18,Manufacturing
599116,2023-03-01,163.11,Manufacturing
599116,2023-04-01,165.81,Manufacturing
599116,2023-05-01,167.78,Manufacturing
599116,2023-06-01,167.51,Manufacturing
599116,2023-07-01,166.17,Manufacturing
599116,2023-08-01,160.73,Manufacturing
599116,2023-09-01,157.34,Manufacturing
599116,2023-10-01,156.42,Manufacturing
599116,2023-11-01,158.67,Manufacturing
599116,2023-12-01,163.5,Manufacturing
599116,2024-01-01,171.59,Manufacturing
599116,2024-02-01,165.55,Manufacturing
599116,2024-03-01,171.55,Manufacturing
599116,2024-04-01,192.3,Manufacturing
599116,2024-05-01,179.07,Manufacturing
599116,2024-06-01,169.77,Manufacturing
599116,2024-07-01,174.02,Manufacturing
599116,2024-08-01,166.2,Manufacturing
599116,2024-09-01,182.47,Manufacturing
599116,2024-10-01,168.27,Manufacturing
599116,2024-11-01,170.78,Manufacturing
599116,2024-12-01,167.05,Manufacturing
599116,2025-01-01,178.35,Manufacturing
599116,2025-02-01,181.92,Manufacturing
599116,2025-03-01,201.38,Manufacturing
599116,2025-04-01,184.56,Manufacturing
599116,2025-05-01,178.61,Manufacturing
599116,2025-06-01,177.71,Manufacturing
599116,2025-07-01,180.5,Manufacturing
599116,2025-08-01,185.16,Manufacturing
599116,2025-09-01,179.14,Manufacturing
599116,2025-10-01,177.85,Manufacturing
599116,2025-11-01,180.17,Manufacturing
599116,2025-12-01,175.35,Manufacturing
840466,2023-01-01,45.27,Manufacturing
840466,2023-02-01,49.43,Manufacturing
840466,2023-03-01,46.31,Manufacturing
840466,2023-04-01,48.19,Manufacturing
840466,2023-05-01,46.59,Manufacturing
840466,2023-06-01,47.31,Manufacturing
840466,2023-07-01,47.66,Manufacturing
840466,2023-08-01,46.82,Manufacturing
840466,2023-09-01,49.62,Manufacturing
840466,2023-10-01,50.08,Manufacturing
840466,2023-11-01,47.59,Manufacturing
840466,2023-12-01,47.55,Manufacturing
840466,2024-01-01,49.87,Manufacturing
840466,2024-02-01,49.41,Manufacturing
840466,2024-03-01,50.31,Manufacturing
840466,2024-04-01,49.32,Manufacturing
840466,2024-05-01,50.39,Manufacturing
840466,2024-06-01,49.4,Manufacturing
840466,2024-07-01,49.94,Manufacturing
840466,2024-08-01,49.97,Manufacturing
840466,2024-09-01,48.67,Manufacturing
840466,2024-10-01,50.85,Manufacturing
840466,2024-11-01,50.31,Manufacturing
840466,2024-12-01,49.98,Manufacturing
840466,2025-01-01,52.75,Manufacturing
840466,2025-02-01,54.04,Manufacturing
840466,2025-03-01,59.35,Manufacturing
840466,2025-04-01,53.53,Manufacturing
840466,2025-05-01,52.98,Manufacturing
840466,2025-06-01,53.41,Manufacturing
840466,2025-07-01,52.17,Manufacturing
840466,2025-08-01,52.31,Manufacturing
840466,2025-09-01,51.26,Manufacturing
840466,2025-10-01,52.14,Manufacturing
840466,2025-11-01,52.07,Manufacturing
840466,2025-12-01,52.81,Manufacturing
248704,2023-01-01,150.0,Manufacturing
248704,2023-02-01,153.15,Manufacturing
248704,2023-03-01,147.4,Manufacturing
248704,2023-04-01,147.27,Manufacturing
248704,2023-05-01,144.33,Manufacturing
248704,2023-06-01,142.84,Manufacturing
248704,2023-07-01,139.33,Manufacturing
248704,2023-08-01,149.96,Manufacturing
248704,2023-09-01,138.25,Manufacturing
248704,2023-10-01,147.99,Manufacturing
248704,2023-11-01,143.61,Manufacturing
248704,2023-12-01,148.81,Manufacturing
248704,2024-01-01,154.4,Manufacturing
248704,2024-02-01,151.22,Manufacturing
248704,2024-03-01,146.75,Manufacturing
248704,2024-04-01,153.91,Manufacturing
248704,2024-05-01,153.4,Manufacturing
248704,2024-06-01,158.77,Manufacturing
248704,2024-07-01,147.16,Manufacturing
248704,2024-08-01,157.83,Manufacturing
248704,2024-09-01,151.56,Manufacturing
248704,2024-10-01,151.56,Manufacturing
248704,2024-11-01,151.87,Manufacturing
248704,2024-12-01,159.65,Manufacturing
248704,2025-01-01,159.17,Manufacturing
248704,2025-02-01,155.4,Manufacturing
248704,2025-03-01,160.43,Manufacturing
248704,2025-04-01,163.33,Manufacturing
248704,2025-05-01,160.37,Manufacturing
248704,2025-06-01,154.82,Manufacturing
248704,2025-07-01,162.7,Manufacturing
248704,2025-08-01,163.7,Manufacturing
248704,2025-09-01,172.29,Manufacturing
248704,2025-10-01,156.49,Manufacturing
248704,2025-11-01,156.64,Manufacturing
248704,2025-12-01,166.33,Manufacturing
727601,2023-01-01,259.93,Manufacturing
727601,2023-02-01,244.05,Manufacturing
727601,2023-03-01,235.67,Manufacturing
727601,2023-04-01,248.89,Manufacturing
727601,2023-05-01,244.18,Manufacturing
727601,2023-06-01,256.99,Manufacturing
727601,2023-07-01,243.88,Manufacturing
727601,2023-08-01,251.72,Manufacturing
727601,2023-09-01,255.12,Manufacturing
727601,2023-10-01,241.94,Manufacturing
727601,2023-11-01,250.76,Manufacturing
727601,2023-12-01,234.93,Manufacturing
727601,2024-01-01,251.31,Manufacturing
727601,2024-02-01,259.89,Manufacturing
727601,2024-03-01,254.1,Manufacturing
727601,2024-04-01,262.8,Manufacturing
727601,2024-05-01,257.89,Manufacturing
727601,2024-06-01,252.1,Manufacturing
727601,2024-07-01,267.39,Manufacturing
727601,2024-08-01,253.61,Manufacturing
727601,2024-09-01,270.71,Manufacturing
727601,2024-10-01,258.59,Manufacturing
727601,2024-11-01,266.77,Manufacturing
727601,2024-12-01,250.54,Manufacturing
727601,2025-01-01,273.36,Manufacturing
727601,2025-02-01,273.96,Manufacturing
727601,2025-03-01,297.65,Manufacturing
727601,2025-04-01,266.24,Manufacturing
727601,2025-05-01,284.64,Manufacturing
727601,2025-06-01,270.78,Manufacturing
727601,2025-07-01,275.75,Manufacturing
727601,2025-08-01,260.61,Manufacturing
727601,2025-09-01,292.29,Manufacturing
727601,2025-10-01,264.32,Manufacturing
727601,2025-11-01,275.11,Manufacturing
727601,2025-12-01,281.81,Manufacturing
899086,2023-01-01,402.15,Manufacturing
899086,2023-02-01,425.37,Manufacturing
899086,2023-03-01,425.01,Manufacturing
899086,2023-04-01,433.77,Manufacturing
899086,2023-05-01,441.71,Manufacturing
899086,2023-06-01,433.59,Manufacturing
899086,2023-07-01,444.68,Manufacturing
899086,2023-08-01,413.93,Manufacturing
899086,2023-09-01,435.38,Manufacturing
899086,2023-10-01,430.4,Manufacturing
899086,2023-11-01,433.85,Manufacturing
899086,2023-12-01,419.26,Manufacturing
899086,2024-01-01,474.27,Manufacturing
899086,2024-02-01,462.54,Manufacturing
899086,2024-03-01,445.83,Manufacturing
899086,2024-04-01,435.06,Manufacturing
899086,2024-05-01,458.25,Manufacturing
899086,2024-06-01,441.43,Manufacturing
899086,2024-07-01,445.05,Manufacturing
899086,2024-08-01,448.73,Manufacturing
899086,2024-09-01,434.67,Manufacturing
899086,2024-10-01,433.79,Manufacturing
899086,2024-11-01,464.51,Manufacturing
899086,2024-12-01,457.88,Manufacturing
899086,2025-01-01,481.09,Manufacturing
899086,2025-02-01,475.32,Manufacturing
899086,2025-03-01,473.32,Manufacturing
899086,2025-04-01,442.28,Manufacturing
899086,2025-05-01,455.42,Manufacturing
899086,2025-06-01,480.97,Manufacturing
899086,2025-07-01,486.81,Manufacturing
899086,2025-08-01,483.42,Manufacturing
899086,2025-09-01,475.47,Manufacturing
899086,2025-10-01,486.93,Manufacturing
899086,2025-11-01,482.97,Manufacturing
899086,2025-12-01,479.24,Manufacturing
903806,2023-01-01,204.02,Manufacturing
903806,2023-02-01,210.37,Manufacturing
903806,2023-03-01,207.49,Manufacturing
903806,2023-04-01,204.26,Manufacturing
903806,2023-05-01,206.55,Manufacturing
903806,2023-06-01,199.33,Manufacturing
903806,2023-07-01,207.9,Manufacturing
903806,2023-08-01,199.6,Manufacturing
903806,2023-09-01,197.4,Manufacturing
903806,2023-10-01,206.31,Manufacturing
903806,2023-11-01,201.94,Manufacturing
903806,2023-12-01,210.17,Manufacturing
903806,2024-01-01,208.15,Manufacturing
903806,2024-02-01,211.55,Manufacturing
903806,2024-03-01,210.76,Manufacturing
903806,2024-04-01,219.06,Manufacturing
903806,2024-05-01,219.5,Manufacturing
903806,2024-06-01,212.82,Manufacturing
903806,2024-07-01,209.1,Manufacturing
903806,2024-08-01,210.87,Manufacturing
903806,2024-09-01,201.84,Manufacturing
903806,2024-10-01,216.61,Manufacturing
903806,2024-11-01,216.09,Manufacturing
903806,2024-12-01,210.54,Manufacturing
903806,2025-01-01,240.42,Manufacturing
903806,2025-02-01,227.5,Manufacturing
903806,2025-03-01,215.96,Manufacturing
903806,2025-04-01,231.25,Manufacturing
903806,2025-05-01,213.86,Manufacturing
903806,2025-06-01,223.73,Manufacturing
903806,2025-07-01,222.5,Manufacturing
903806,2025-08-01,215.58,Manufacturing
903806,2025-09-01,226.76,Manufacturing
903806,2025-10-01,223.88,Manufacturing
903806,2025-11-01,220.63,Manufacturing
903806,2025-12-01,218.44,Manufacturing
494969,2023-01-01,595.64,Manufacturing
494969,2023-02-01,615.53,Manufacturing
494969,2023-03-01,607.69,Manufacturing
494969,2023-04-01,610.8,Manufacturing
494969,2023-05-01,620.85,Manufacturing
494969,2023-06-01,619.35,Manufacturing
494969,2023-07-01,588.09,Manufacturing
494969,2023-08-01,620.43,Manufacturing
494969,2023-09-01,601.29,Manufacturing
494969,2023-10-01,622.91,Manufacturing
494969,2023-11-01,655.51,Manufacturing
494969,2023-12-01,599.59,Manufacturing
494969,2024-01-01,638.95,Manufacturing
494969,2024-02-01,637.36,Manufacturing
494969,2024-03-01,638.31,Manufacturing
494969,2024-04-01,637.77,Manufacturing
494969,2024-05-01,611.66,Manufacturing
494969,2024-06-01,632.8,Manufacturing
494969,2024-07-01,639.22,Manufacturing
494969,2024-08-01,632.88,Manufacturing
494969,2024-09-01,624.94,Manufacturing
494969,2024-10-01,644.85,Manufacturing
494969,2024-11-01,632.62,Manufacturing
494969,2024-12-01,684.02,Manufacturing
494969,2025-01-01,678.72,Manufacturing
494969,2025-02-01,676.46,Manufacturing
494969,2025-03-01,686.69,Manufacturing
494969,2025-04-01,652.82,Manufacturing
494969,2025-05-01,683.03,Manufacturing
494969,2025-06-01,661.46,Manufacturing
494969,2025-07-01,692.89,Manufacturing
494969,2025-08-01,671.76,Manufacturing
494969,2025-09-01,707.48,Manufacturing
494969,2025-10-01,656.94,Manufacturing
494969,2025-11-01,661.8,Manufacturing
494969,2025-12-01,670.73,Manufacturing
182920,2023-01-01,213.07,Manufacturing
182920,2023-02-01,223.92,Manufacturing
182920,2023-03-01,216.1,Manufacturing
182920,2023-04-01,227.9,Manufacturing
182920,2023-05-01,256.99,Manufacturing
182920,2023-06-01,221.69,Manufacturing
182920,2023-07-01,219.96,Manufacturing
182920,2023-08-01,224.6,Manufacturing
182920,2023-09-01,217.28,Manufacturing
182920,2023-10-01,225.29,Manufacturing
182920,2023-11-01,221.71,Manufacturing
182920,2023-12-01,215.7,Manufacturing
182920,2024-01-01,233.07,Manufacturing
182920,2024-02-01,266.13,Manufacturing
182920,2024-03-01,221.98,Manufacturing
182920,2024-04-01,233.09,Manufacturing
182920,2024-05-01,232.96,Manufacturing
182920,2024-06-01,258.58,Manufacturing
182920,2024-07-01,233.7,Manufacturing
182920,2024-08-01,231.1,Manufacturing
182920,2024-09-01,238.39,Manufacturing
182920,2024-10-01,250.54,Manufacturing
182920,2024-11-01,231.93,Manufacturing
182920,2024-12-01,236.7,Manufacturing
182920,2025-01-01,241.83,Manufacturing
182920,2025-02-01,250.74,Manufacturing
182920,2025-03-01,242.74,Manufacturing
182920,2025-04-01,242.73,Manufacturing
182920,2025-05-01,244.52,Manufacturing
182920,2025-06-01,244.29,Manufacturing
182920,2025-07-01,243.87,Manufacturing
182920,2025-08-01,250.4,Manufacturing
182920,2025-09-01,250.58,Manufacturing
182920,2025-10-01,243.27,Manufacturing
182920,2025-11-01,249.46,Manufacturing
182920,2025-12-01,251.22,Manufacturing
872699,2023-01-01,159.26,Manufacturing
872699,2023-02-01,161.6,Manufacturing
872699,2023-03-01,155.03,Manufacturing
872699,2023-04-01,162.38,Manufacturing
872699,2023-05-01,165.92,Manufacturing
872699,2023-06-01,164.63,Manufacturing
872699,2023-07-01,169.82,Manufacturing
872699,2023-08-01,163.19,Manufacturing
872699,2023-09-01,163.85,Manufacturing
872699,2023-10-01,162.71,Manufacturing
872699,2023-11-01,168.76,Manufacturing
872699,2023-12-01,161.93,Manufacturing
872699,2024-01-01,195.23,Manufacturing
872699,2024-02-01,174.01,Manufacturing
872699,2024-03-01,174.71,Manufacturing
872699,2024-04-01,177.4,Manufacturing
872699,2024-05-01,173.72,Manufacturing
872699,2024-06-01,174.28,Manufacturing
872699,2024-07-01,171.38,Manufacturing
872699,2024-08-01,171.94,Manufacturing
872699,2024-09-01,175.3,Manufacturing
872699,2024-10-01,182.58,Manufacturing
872699,2024-11-01,173.79,Manufacturing
872699,2024-12-01,170.48,Manufacturing
872699,2025-01-01,172.84,Manufacturing
872699,2025-02-01,184.56,Manufacturing
872699,2025-03-01,177.37,Manufacturing
872699,2025-04-01,179.5,Manufacturing
872699,2025-05-01,182.15,Manufacturing
872699,2025-06-01,181.19,Manufacturing
872699,2025-07-01,172.94,Manufacturing
872699,2025-08-01,182.38,Manufacturing
872699,2025-09-01,208.75,Manufacturing
872699,2025-10-01,183.03,Manufacturing
872699,2025-11-01,184.74,Manufacturing
872699,2025-12-01,180.11,Manufacturing
934063,2023-01-01,98.01,Manufacturing
934063,2023-02-01,104.27,Manufacturing
934063,2023-03-01,102.34,Manufacturing
934063,2023-04-01,99.76,Manufacturing
934063,2023-05-01,103.64,Manufacturing
934063,2023-06-01,99.76,Manufacturing
934063,2023-07-01,104.43,Manufacturing
934063,2023-08-01,104.15,Manufacturing
934063,2023-09-01,102.85,Manufacturing
934063,2023-10-01,100.59,Manufacturing
934063,2023-11-01,98.88,Manufacturing
934063,2023-12-01,108.21,Manufacturing
934063,2024-01-01,107.81,Manufacturing
934063,2024-02-01,108.86,Manufacturing
934063,2024-03-01,102.85,Manufacturing
934063,2024-04-01,107.45,Manufacturing
934063,2024-05-01,103.99,Manufacturing
934063,2024-06-01,103.66,Manufacturing
934063,2024-07-01,103.21,Manufacturing
934063,2024-08-01,107.7,Manufacturing
934063,2024-09-01,120.15,Manufacturing
934063,2024-10-01,114.59,Manufacturing
934063,2024-11-01,107.08,Manufacturing
934063,2024-12-01,106.25,Manufacturing
934063,2025-01-01,111.34,Manufacturing
934063,2025-02-01,112.4,Manufacturing
934063,2025-03-01,111.23,Manufacturing
934063,2025-04-01,110.39,Manufacturing
934063,2025-05-01,111.56,Manufacturing
934063,2025-06-01,108.79,Manufacturing
934063,2025-07-01,113.38,Manufacturing
934063,2025-08-01,114.62,Manufacturing
934063,2025-09-01,114.04,Manufacturing
934063,2025-10-01,114.73,Manufacturing
934063,2025-11-01,110.34,Manufacturing
934063,2025-12-01,129.3,Manufacturing
668491,2023-01-01,74.91,Manufacturing
668491,2023-02-01,76.5,Manufacturing
668491,2023-03-01,78.11,Manufacturing
668491,2023-04-01,77.88,Manufacturing
668491,2023-05-01,78.45,Manufacturing
668491,2023-06-01,87.59,Manufacturing
668491,2023-07-01,77.48,Manufacturing
668491,2023-08-01,78.8,Manufacturing
668491,2023-09-01,76.97,Manufacturing
668491,2023-10-01,76.13,Manufacturing
668491,2023-11-01,77.27,Manufacturing
668491,2023-12-01,74.96,Manufacturing
668491,2024-01-01,82.71,Manufacturing
668491,2024-02-01,81.86,Manufacturing
668491,2024-03-01,79.67,Manufacturing
668491,2024-04-01,78.09,Manufacturing
668491,2024-05-01,81.93,Manufacturing
668491,2024-06-01,76.84,Manufacturing
668491,2024-07-01,80.72,Manufacturing
668491,2024-08-01,83.52,Manufacturing
668491,2024-09-01,83.27,Manufacturing
668491,2024-10-01,84.7,Manufacturing
668491,2024-11-01,81.96,Manufacturing
668491,2024-12-01,82.21,Manufacturing
668491,2025-01-01,89.38,Manufacturing
668491,2025-02-01,87.13,Manufacturing
668491,2025-03-01,82.95,Manufacturing
668491,2025-04-01,86.41,Manufacturing
668491,2025-05-01,86.88,Manufacturing
668491,2025-06-01,83.67,Manufacturing
668491,2025-07-01,89.4,Manufacturing
668491,2025-08-01,88.22,Manufacturing
668491,2025-09-01,84.95,Manufacturing
668491,2025-10-01,84.26,Manufacturing
668491,2025-11-01,86.52,Manufacturing
668491,2025-12-01,85.97,Manufacturing
689082,2023-01-01,142.82,Manufacturing
689082,2023-02-01,139.03,Manufacturing
689082,2023-03-01,138.23,Manufacturing
689082,2023-04-01,143.47,Manufacturing
689082,2023-05-01,145.41,Manufacturing
689082,2023-06-01,141.32,Manufacturing
689082,2023-07-01,145.23,Manufacturing
689082,2023-08-01,138.81,Manufacturing
689082,2023-09-01,133.85,Manufacturing
689082,2023-10-01,144.12,Manufacturing
689082,2023-11-01,150.03,Manufacturing
689082,2023-12-01,137.7,Manufacturing
689082,2024-01-01,150.86,Manufacturing
689082,2024-02-01,155.82,Manufacturing
689082,2024-03-01,165.72,Manufacturing
689082,2024-04-01,149.01,Manufacturing
689082,2024-05-01,149.75,Manufacturing
689082,2024-06-01,147.47,Manufacturing
689082,2024-07-01,164.2,Manufacturing
689082,2024-08-01,148.12,Manufacturing
689082,2024-09-01,148.94,Manufacturing
689082,2024-10-01,152.39,Manufacturing
689082,2024-11-01,145.89,Manufacturing
689082,2024-12-01,146.63,Manufacturing
689082,2025-01-01,155.17,Manufacturing
689082,2025-02-01,168.87,Manufacturing
689082,2025-03-01,158.81,Manufacturing
689082,2025-04-01,158.14,Manufacturing
689082,2025-05-01,155.7,Manufacturing
689082,2025-06-01,166.54,Manufacturing
689082,2025-07-01,160.88,Manufacturing
689082,2025-08-01,160.93,Manufacturing
689082,2025-09-01,160.43,Manufacturing
689082,2025-10-01,151.1,Manufacturing
689082,2025-11-01,156.51,Manufacturing
689082,2025-12-01,157.05,Manufacturing
762149,2023-01-01,317.28,Manufacturing
762149,2023-02-01,294.61,Manufacturing
762149,2023-03-01,289.51,Manufacturing
762149,2023-04-01,297.75,Manufacturing
762149,2023-05-01,295.26,Manufacturing
762149,2023-06-01,302.28,Manufacturing
762149,2023-07-01,291.66,Manufacturing
762149,2023-08-01,335.64,Manufacturing
762149,2023-09-01,297.12,Manufacturing
762149,2023-10-01,301.05,Manufacturing
762149,2023-11-01,284.64,Manufacturing
762149,2023-12-01,298.4,Manufacturing
762149,2024-01-01,317.99,Manufacturing
762149,2024-02-01,316.71,Manufacturing
762149,2024-03-01,322.3,Manufacturing
762149,2024-04-01,323.75,Manufacturing
762149,2024-05-01,313.24,Manufacturing
762149,2024-06-01,314.98,Manufacturing
762149,2024-07-01,309.35,Manufacturing
762149,2024-08-01,319.03,Manufacturing
762149,2024-09-01,320.73,Manufacturing
762149,2024-10-01,314.33,Manufacturing
762149,2024-11-01,318.71,Manufacturing
762149,2024-12-01,311.04,Manufacturing
762149,2025-01-01,341.39,Manufacturing
762149,2025-02-01,329.38,Manufacturing
762149,2025-03-01,326.77,Manufacturing
762149,2025-04-01,340.73,Manufacturing
762149,2025-05-01,335.35,Manufacturing
762149,2025-06-01,332.46,Manufacturing
762149,2025-07-01,325.14,Manufacturing
762149,2025-08-01,321.04,Manufacturing
762149,2025-09-01,327.22,Manufacturing
762149,2025-10-01,329.95,Manufacturing
762149,2025-11-01,324.88,Manufacturing
762149,2025-12-01,334.15,Manufacturing
505404,2023-01-01,158.66,Manufacturing
505404,2023-02-01,152.8,Manufacturing
505404,2023-03-01,156.26,Manufacturing
505404,2023-04-01,151.97,Manufacturing
505404,2023-05-01,148.88,Manufacturing
505404,2023-06-01,148.77,Manufacturing
505404,2023-07-01,152.3,Manufacturing
505404,2023-08-01,147.13,Manufacturing
505404,2023-09-01,145.42,Manufacturing
505404,2023-10-01,146.88,Manufacturing
505404,2023-11-01,149.48,Manufacturing
505404,2023-12-01,160.32,Manufacturing
505404,2024-01-01,157.38,Manufacturing
505404,2024-02-01,163.72,Manufacturing
505404,2024-03-01,156.62,Manufacturing
505404,2024-04-01,160.92,Manufacturing
505404,2024-05-01,163.28,Manufacturing
505404,2024-06-01,164.8,Manufacturing
505404,2024-07-01,164.43,Manufacturing
505404,2024-08-01,156.61,Manufacturing
505404,2024-09-01,161.09,Manufacturing
505404,2024-10-01,166.63,Manufacturing
505404,2024-11-01,165.47,Manufacturing
505404,2024-12-01,156.04,Manufacturing
505404,2025-01-01,185.23,Manufacturing
505404,2025-02-01,167.22,Manufacturing
505404,2025-03-01,175.74,Manufacturing
505404,2025-04-01,168.55,Manufacturing
505404,2025-05-01,168.7,Manufacturing
505404,2025-06-01,177.75,Manufacturing
505404,2025-07-01,171.92,Manufacturing
505404,2025-08-01,168.35,Manufacturing
505404,2025-09-01,167.99,Manufacturing
505404,2025-10-01,169.16,Manufacturing
505404,2025-11-01,176.29,Manufacturing
505404,2025-12-01,172.93,Manufacturing
978022,2023-01-01,350.18,Manufacturing
978022,2023-02-01,352.19,Manufacturing
978022,2023-03-01,336.16,Manufacturing
978022,2023-04-01,350.06,Manufacturing
978022,2023-05-01,339.24,Manufacturing
978022,2023-06-01,359.7,Manufacturing
978022,2023-07-01,337.6,Manufacturing
978022,2023-08-01,344.84,Manufacturing
978022,2023-09-01,352.02,Manufacturing
978022,2023-10-01,353.46,Manufacturing
978022,2023-11-01,358.69,Manufacturing
978022,2023-12-01,352.0,Manufacturing
978022,2024-01-01,367.39,Manufacturing
978022,2024-02-01,368.1,Manufacturing
978022,2024-03-01,370.76,Manufacturing
978022,2024-04-01,367.65,Manufacturing
978022,2024-05-01,381.77,Manufacturing
978022,2024-06-01,376.8,Manufacturing
978022,2024-07-01,363.28,Manufacturing
978022,2024-08-01,365.82,Manufacturing
978022,2024-09-01,375.74,Manufacturing
978022,2024-10-01,358.51,Manufacturing
978022,2024-11-01,373.65,Manufacturing
978022,2024-12-01,361.97,Manufacturing
978022,2025-01-01,394.68,Manufacturing
978022,2025-02-01,381.04,Manufacturing
978022,2025-03-01,391.73,Manufacturing
978022,2025-04-01,387.13,Manufacturing
978022,2025-05-01,390.45,Manufacturing
978022,2025-06-01,392.62,Manufacturing
978022,2025-07-01,391.79,Manufacturing
978022,2025-08-01,386.43,Manufacturing
978022,2025-09-01,390.91,Manufacturing
978022,2025-10-01,384.57,Manufacturing
978022,2025-11-01,376.06,Manufacturing
978022,2025-12-01,393.42,Manufacturing
745703,2023-01-01,112.3,Manufacturing
745703,2023-02-01,117.87,Manufacturing
745703,2023-03-01,116.97,Manufacturing
745703,2023-04-01,115.67,Manufacturing
745703,2023-05-01,115.33,Manufacturing
745703,2023-06-01,113.16,Manufacturing
745703,2023-07-01,111.96,Manufacturing
745703,2023-08-01,109.77,Manufacturing
745703,2023-09-01,113.31,Manufacturing
745703,2023-10-01,113.42,Manufacturing
745703,2023-11-01,112.79,Manufacturing
745703,2023-12-01,111.87,Manufacturing
745703,2024-01-01,124.23,Manufacturing
745703,2024-02-01,115.18,Manufacturing
745703,2024-03-01,118.87,Manufacturing
745703,2024-04-01,121.91,Manufacturing
745703,2024-05-01,120.79,Manufacturing
745703,2024-06-01,120.04,Manufacturing
745703,2024-07-01,124.4,Manufacturing
745703,2024-08-01,120.75,Manufacturing
745703,2024-09-01,117.1,Manufacturing
745703,2024-10-01,123.08,Manufacturing
745703,2024-11-01,119.13,Manufacturing
745703,2024-12-01,116.1,Manufacturing
745703,2025-01-01,123.49,Manufacturing
745703,2025-02-01,124.81,Manufacturing
745703,2025-03-01,125.96,Manufacturing
745703,2025-04-01,126.29,Manufacturing
745703,2025-05-01,128.25,Manufacturing
745703,2025-06-01,123.77,Manufacturing
745703,2025-07-01,121.82,Manufacturing
745703,2025-08-01,131.53,Manufacturing
745703,2025-09-01,120.87,Manufacturing
745703,2025-10-01,124.48,Manufacturing
745703,2025-11-01,125.1,Manufacturing
745703,2025-12-01,126.82,Manufacturing
157434,2023-01-01,484.88,Manufacturing
157434,2023-02-01,514.14,Manufacturing
157434,2023-03-01,501.96,Manufacturing
157434,2023-04-01,494.43,Manufacturing
157434,2023-05-01,504.87,Manufacturing
157434,2023-06-01,500.08,Manufacturing
157434,2023-07-01,483.8,Manufacturing
157434,2023-08-01,506.77,Manufacturing
157434,2023-09-01,468.76,Manufacturing
157434,2023-10-01,501.64,Manufacturing
157434,2023-11-01,501.31,Manufacturing
157434,2023-12-01,488.89,Manufacturing
157434,2024-01-01,521.09,Manufacturing
157434,2024-02-01,512.22,Manufacturing
157434,2024-03-01,529.98,Manufacturing
157434,2024-04-01,555.05,Manufacturing
157434,2024-05-01,514.78,Manufacturing
157434,2024-06-01,553.03,Manufacturing
157434,2024-07-01,520.68,Manufacturing
157434,2024-08-01,520.69,Manufacturing
157434,2024-09-01,522.7,Manufacturing
157434,2024-10-01,536.24,Manufacturing
157434,2024-11-01,522.3,Manufacturing
157434,2024-12-01,519.03,Manufacturing
157434,2025-01-01,558.1,Manufacturing
157434,2025-02-01,554.64,Manufacturing
157434,2025-03-01,557.05,Manufacturing
157434,2025-04-01,559.97,Manufacturing
157434,2025-05-01,570.45,Manufacturing
157434,2025-06-01,519.56,Manufacturing
157434,2025-07-01,539.14,Manufacturing
157434,2025-08-01,551.07,Manufacturing
157434,2025-09-01,540.84,Manufacturing
157434,2025-10-01,579.01,Manufacturing
157434,2025-11-01,547.09,Manufacturing
157434,2025-12-01,557.32,Manufacturing
784997,2023-01-01,86.04,Manufacturing
784997,2023-02-01,86.91,Manufacturing
784997,2023-03-01,88.9,Manufacturing
784997,2023-04-01,82.96,Manufacturing
784997,2023-05-01,88.59,Manufacturing
784997,2023-06-01,90.02,Manufacturing
784997,2023-07-01,97.79,Manufacturing
784997,2023-08-01,88.09,Manufacturing
784997,2023-09-01,90.37,Manufacturing
784997,2023-10-01,84.15,Manufacturing
784997,2023-11-01,88.42,Manufacturing
784997,2023-12-01,86.84,Manufacturing
784997,2024-01-01,92.24,Manufacturing
784997,2024-02-01,94.0,Manufacturing
784997,2024-03-01,90.75,Manufacturing
784997,2024-04-01,92.37,Manufacturing
784997,2024-05-01,89.18,Manufacturing
784997,2024-06-01,91.63,Manufacturing
784997,2024-07-01,90.64,Manufacturing
784997,2024-08-01,95.78,Manufacturing
784997,2024-09-01,87.62,Manufacturing
784997,2024-10-01,91.76,Manufacturing
784997,2024-11-01,96.25,Manufacturing
784997,2024-12-01,93.56,Manufacturing
784997,2025-01-01,98.14,Manufacturing
784997,2025-02-01,96.45,Manufacturing
784997,2025-03-01,97.55,Manufacturing
784997,2025-04-01,102.52,Manufacturing
784997,2025-05-01,99.1,Manufacturing
784997,2025-06-01,96.6,Manufacturing
784997,2025-07-01,99.52,Manufacturing
784997,2025-08-01,101.16,Manufacturing
784997,2025-09-01,95.79,Manufacturing
784997,2025-10-01,98.23,Manufacturing
784997,2025-11-01,100.09,Manufacturing
784997,2025-12-01,96.96,Manufacturing
499063,2023-01-01,330.87,Manufacturing
499063,2023-02-01,330.7,Manufacturing
499063,2023-03-01,324.29,Manufacturing
499063,2023-04-01,384.46,Manufacturing
499063,2023-05-01,320.07,Manufacturing
499063,2023-06-01,321.81,Manufacturing
499063,2023-07-01,346.2,Manufacturing
499063,2023-08-01,326.35,Manufacturing
499063,2023-09-01,348.82,Manufacturing
499063,2023-10-01,332.74,Manufacturing
499063,2023-11-01,331.21,Manufacturing
499063,2023-12-01,338.95,Manufacturing
499063,2024-01-01,334.06,Manufacturing
499063,2024-02-01,356.52,Manufacturing
499063,2024-03-01,345.78,Manufacturing
499063,2024-04-01,353.76,Manufacturing
499063,2024-05-01,357.37,Manufacturing
499063,2024-06-01,339.95,Manufacturing
499063,2024-07-01,335.37,Manufacturing
499063,2024-08-01,350.57,Manufacturing
499063,2024-09-01,350.23,Manufacturing
499063,2024-10-01,340.73,Manufacturing
499063,2024-11-01,336.16,Manufacturing
499063,2024-12-01,344.68,Manufacturing
499063,2025-01-01,363.8,Manufacturing
499063,2025-02-01,358.86,Manufacturing
499063,2025-03-01,361.28,Manufacturing
499063,2025-04-01,368.35,Manufacturing
499063,2025-05-01,355.2,Manufacturing
499063,2025-06-01,364.03,Manufacturing
499063,2025-07-01,352.49,Manufacturing
499063,2025-08-01,410.19,Manufacturing
499063,2025-09-01,371.84,Manufacturing
499063,2025-10-01,370.27,Manufacturing
499063,2025-11-01,357.91,Manufacturing
499063,2025-12-01,364.32,Manufacturing
872450,2023-01-01,188.25,Manufacturing
872450,2023-02-01,185.11,Manufacturing
872450,2023-03-01,186.01,Manufacturing
872450,2023-04-01,184.27,Manufacturing
872450,2023-05-01,181.54,Manufacturing
872450,2023-06-01,190.04,Manufacturing
872450,2023-07-01,189.21,Manufacturing
872450,2023-08-01,179.1,Manufacturing
872450,2023-09-01,182.85,Manufacturing
872450,2023-10-01,177.08,Manufacturing
872450,2023-11-01,188.41,Manufacturing
872450,2023-12-01,175.67,Manufacturing
872450,2024-01-01,193.92,Manufacturing
872450,2024-02-01,195.09,Manufacturing
872450,2024-03-01,198.93,Manufacturing
872450,2024-04-01,190.74,Manufacturing
872450,2024-05-01,201.85,Manufacturing
872450,2024-06-01,198.33,Manufacturing
872450,2024-07-01,202.18,Manufacturing
872450,2024-08-01,201.87,Manufacturing
872450,2024-09-01,188.97,Manufacturing
872450,2024-10-01,200.66,Manufacturing
872450,2024-11-01,203.21,Manufacturing
872450,2024-12-01,202.7,Manufacturing
872450,2025-01-01,202.17,Manufacturing
872450,2025-02-01,209.26,Manufacturing
872450,2025-03-01,199.4,Manufacturing
872450,2025-04-01,207.78,Manufacturing
872450,2025-05-01,212.0,Manufacturing
872450,2025-06-01,194.42,Manufacturing
872450,2025-07-01,204.12,Manufacturing
872450,2025-08-01,209.06,Manufacturing
872450,2025-09-01,206.12,Manufacturing
872450,2025-10-01,217.78,Manufacturing
872450,2025-11-01,214.96,Manufacturing
872450,2025-12-01,204.35,Manufacturing
590874,2023-01-01,449.64,Manufacturing
590874,2023-02-01,449.21,Manufacturing
590874,2023-03-01,471.71,Manufacturing
590874,2023-04-01,469.62,Manufacturing
590874,2023-05-01,464.44,Manufacturing
590874,2023-06-01,490.74,Manufacturing
590874,2023-07-01,476.12,Manufacturing
590874,2023-08-01,445.37,Manufacturing
590874,2023-09-01,469.59,Manufacturing
590874,2023-10-01,467.54,Manufacturing
590874,2023-11-01,457.51,Manufacturing
590874,2023-12-01,442.66,Manufacturing
590874,2024-01-01,511.76,Manufacturing
590874,2024-02-01,499.49,Manufacturing
590874,2024-03-01,484.79,Manufacturing
590874,2024-04-01,477.98,Manufacturing
590874,2024-05-01,495.31,Manufacturing
590874,2024-06-01,496.35,Manufacturing
590874,2024-07-01,496.26,Manufacturing
590874,2024-08-01,481.78,Manufacturing
590874,2024-09-01,498.34,Manufacturing
590874,2024-10-01,505.93,Manufacturing
590874,2024-11-01,512.7,Manufacturing
590874,2024-12-01,478.34,Manufacturing
590874,2025-01-01,528.15,Manufacturing
590874,2025-02-01,523.9,Manufacturing
590874,2025-03-01,534.61,Manufacturing
590874,2025-04-01,529.28,Manufacturing
590874,2025-05-01,505.27,Manufacturing
590874,2025-06-01,496.61,Manufacturing
590874,2025-07-01,510.68,Manufacturing
590874,2025-08-01,512.65,Manufacturing
590874,2025-09-01,505.65,Manufacturing
590874,2025-10-01,499.1,Manufacturing
590874,2025-11-01,505.46,Manufacturing
590874,2025-12-01,514.56,Manufacturing
304510,2023-01-01,143.15,Manufacturing
304510,2023-02-01,141.78,Manufacturing
304510,2023-03-01,142.66,Manufacturing
304510,2023-04-01,137.44,Manufacturing
304510,2023-05-01,144.37,Manufacturing
304510,2023-06-01,144.22,Manufacturing
304510,2023-07-01,141.28,Manufacturing
304510,2023-08-01,145.4,Manufacturing
304510,2023-09-01,153.59,Manufacturing
304510,2023-10-01,158.09,Manufacturing
304510,2023-11-01,142.83,Manufacturing
304510,2023-12-01,144.14,Manufacturing
304510,2024-01-01,153.57,Manufacturing
304510,2024-02-01,150.47,Manufacturing
304510,2024-03-01,145.97,Manufacturing
304510,2024-04-01,146.19,Manufacturing
304510,2024-05-01,153.79,Manufacturing
304510,2024-06-01,165.43,Manufacturing
304510,2024-07-01,148.39,Manufacturing
304510,2024-08-01,144.47,Manufacturing
304510,2024-09-01,146.97,Manufacturing
304510,2024-10-01,144.95,Manufacturing
304510,2024-11-01,149.51,Manufacturing
304510,2024-12-01,150.71,Manufacturing
304510,2025-01-01,157.62,Manufacturing
304510,2025-02-01,156.88,Manufacturing
304510,2025-03-01,163.09,Manufacturing
304510,2025-04-01,154.1,Manufacturing
304510,2025-05-01,160.56,Manufacturing
304510,2025-06-01,169.97,Manufacturing
304510,2025-07-01,157.25,Manufacturing
304510,2025-08-01,151.93,Manufacturing
304510,2025-09-01,159.23,Manufacturing
304510,2025-10-01,153.43,Manufacturing
304510,2025-11-01,157.94,Manufacturing
304510,2025-12-01,157.13,Manufacturing
177347,2023-01-01,325.4,Manufacturing
177347,2023-02-01,313.81,Manufacturing
177347,2023-03-01,312.78,Manufacturing
177347,2023-04-01,322.23,Manufacturing
177347,2023-05-01,316.74,Manufacturing
177347,2023-06-01,292.91,Manufacturing
177347,2023-07-01,306.0,Manufacturing
177347,2023-08-01,319.7,Manufacturing
177347,2023-09-01,317.67,Manufacturing
177347,2023-10-01,315.02,Manufacturing
177347,2023-11-01,309.83,Manufacturing
177347,2023-12-01,312.28,Manufacturing
177347,2024-01-01,330.51,Manufacturing
177347,2024-02-01,344.05,Manufacturing
177347,2024-03-01,332.56,Manufacturing
177347,2024-04-01,340.34,Manufacturing
177347,2024-05-01,333.44,Manufacturing
177347,2024-06-01,335.21,Manufacturing
177347,2024-07-01,338.04,Manufacturing
177347,2024-08-01,326.66,Manufacturing
177347,2024-09-01,330.99,Manufacturing
177347,2024-10-01,338.36,Manufacturing
177347,2024-11-01,327.72,Manufacturing
177347,2024-12-01,321.45,Manufacturing
177347,2025-01-01,346.04,Manufacturing
177347,2025-02-01,352.5,Manufacturing
177347,2025-03-01,342.53,Manufacturing
177347,2025-04-01,349.59,Manufacturing
177347,2025-05-01,345.63,Manufacturing
177347,2025-06-01,356.19,Manufacturing
177347,2025-07-01,362.69,Manufacturing
177347,2025-08-01,335.93,Manufacturing
177347,2025-09-01,351.83,Manufacturing
177347,2025-10-01,351.75,Manufacturing
177347,2025-11-01,353.78,Manufacturing
177347,2025-12-01,357.96,Manufacturing
803390,2023-01-01,412.17,Manufacturing
803390,2023-02-01,410.83,Manufacturing
803390,2023-03-01,412.64,Manufacturing
803390,2023-04-01,424.59,Manufacturing
803390,2023-05-01,433.01,Manufacturing
803390,2023-06-01,414.21,Manufacturing
803390,2023-07-01,424.44,Manufacturing
803390,2023-08-01,415.76,Manufacturing
803390,2023-09-01,432.43,Manufacturing
803390,2023-10-01,418.84,Manufacturing
803390,2023-11-01,421.65,Manufacturing
803390,2023-12-01,419.09,Manufacturing
803390,2024-01-01,471.74,Manufacturing
803390,2024-02-01,458.11,Manufacturing
803390,2024-03-01,440.11,Manufacturing
803390,2024-04-01,429.37,Manufacturing
803390,2024-05-01,450.91,Manufacturing
803390,2024-06-01,441.04,Manufacturing
803390,2024-07-01,444.11,Manufacturing
803390,2024-08-01,450.44,Manufacturing
803390,2024-09-01,452.02,Manufacturing
803390,2024-10-01,444.94,Manufacturing
803390,2024-11-01,432.66,Manufacturing
803390,2024-12-01,452.43,Manufacturing
803390,2025-01-01,447.41,Manufacturing
803390,2025-02-01,463.03,Manufacturing
803390,2025-03-01,461.89,Manufacturing
803390,2025-04-01,486.28,Manufacturing
803390,2025-05-01,501.07,Manufacturing
803390,2025-06-01,477.21,Manufacturing
803390,2025-07-01,467.51,Manufacturing
803390,2025-08-01,461.46,Manufacturing
803390,2025-09-01,456.26,Manufacturing
803390,2025-10-01,476.71,Manufacturing
803390,2025-11-01,489.52,Manufacturing
803390,2025-12-01,461.61,Manufacturing
796522,2023-01-01,536.94,Manufacturing
796522,2023-02-01,562.61,Manufacturing
796522,2023-03-01,548.24,Manufacturing
796522,2023-04-01,562.94,Manufacturing
796522,2023-05-01,557.23,Manufacturing
796522,2023-06-01,568.79,Manufacturing
796522,2023-07-01,545.43,Manufacturing
796522,2023-08-01,561.95,Manufacturing
796522,2023-09-01,557.84,Manufacturing
796522,2023-10-01,559.24,Manufacturing
796522,2023-11-01,566.66,Manufacturing
796522,2023-12-01,538.4,Manufacturing
796522,2024-01-01,592.13,Manufacturing
796522,2024-02-01,585.06,Manufacturing
796522,2024-03-01,598.82,Manufacturing
796522,2024-04-01,595.9,Manufacturing
796522,2024-05-01,587.94,Manufacturing
796522,2024-06-01,602.79,Manufacturing
796522,2024-07-01,621.96,Manufacturing
796522,2024-08-01,585.74,Manufacturing
796522,2024-09-01,584.12,Manufacturing
796522,2024-10-01,601.66,Manufacturing
796522,2024-11-01,590.8,Manufacturing
796522,2024-12-01,579.36,Manufacturing
796522,2025-01-01,636.79,Manufacturing
796522,2025-02-01,583.59,Manufacturing
796522,2025-03-01,595.69,Manufacturing
796522,2025-04-01,620.44,Manufacturing
796522,2025-05-01,632.74,Manufacturing
796522,2025-06-01,613.33,Manufacturing
796522,2025-07-01,630.15,Manufacturing
796522,2025-08-01,638.13,Manufacturing
796522,2025-09-01,628.71,Manufacturing
796522,2025-10-01,619.92,Manufacturing
796522,2025-11-01,622.82,Manufacturing
796522,2025-12-01,643.72,Manufacturing
264289,2023-01-01,114.57,Manufacturing
264289,2023-02-01,113.63,Manufacturing
264289,2023-03-01,114.23,Manufacturing
264289,2023-04-01,112.8,Manufacturing
264289,2023-05-01,108.23,Manufacturing
264289,2023-06-01,120.9,Manufacturing
264289,2023-07-01,119.03,Manufacturing
264289,2023-08-01,110.81,Manufacturing
264289,2023-09-01,113.28,Manufacturing
264289,2023-10-01,114.6,Manufacturing
264289,2023-11-01,118.37,Manufacturing
264289,2023-12-01,112.17,Manufacturing
264289,2024-01-01,121.16,Manufacturing
264289,2024-02-01,120.71,Manufacturing
264289,2024-03-01,117.32,Manufacturing
264289,2024-04-01,118.47,Manufacturing
264289,2024-05-01,121.51,Manufacturing
264289,2024-06-01,122.2,Manufacturing
264289,2024-07-01,134.86,Manufacturing
264289,2024-08-01,121.28,Manufacturing
264289,2024-09-01,120.99,Manufacturing
264289,2024-10-01,122.37,Manufacturing
264289,2024-11-01,116.68,Manufacturing
264289,2024-12-01,121.19,Manufacturing
264289,2025-01-01,126.61,Manufacturing
264289,2025-02-01,126.27,Manufacturing
264289,2025-03-01,123.26,Manufacturing
264289,2025-04-01,123.82,Manufacturing
264289,2025-05-01,128.5,Manufacturing
264289,2025-06-01,122.22,Manufacturing
264289,2025-07-01,127.72,Manufacturing
264289,2025-08-01,129.6,Manufacturing
264289,2025-09-01,126.16,Manufacturing
264289,2025-10-01,124.05,Manufacturing
264289,2025-11-01,128.18,Manufacturing
264289,2025-12-01,126.35,Manufacturing
433707,2023-01-01,195.07,Manufacturing
433707,2023-02-01,187.11,Manufacturing
433707,2023-03-01,184.5,Manufacturing
433707,2023-04-01,183.77,Manufacturing
433707,2023-05-01,188.2,Manufacturing
433707,2023-06-01,193.46,Manufacturing
433707,2023-07-01,178.77,Manufacturing
433707,2023-08-01,184.89,Manufacturing
433707,2023-09-01,184.06,Manufacturing
433707,2023-10-01,189.12,Manufacturing
433707,2023-11-01,194.85,Manufacturing
433707,2023-12-01,194.23,Manufacturing
433707,2024-01-01,195.19,Manufacturing
433707,2024-02-01,200.45,Manufacturing
433707,2024-03-01,200.44,Manufacturing
433707,2024-04-01,198.91,Manufacturing
433707,2024-05-01,200.37,Manufacturing
433707,2024-06-01,199.26,Manufacturing
433707,2024-07-01,204.79,Manufacturing
433707,2024-08-01,194.45,Manufacturing
433707,2024-09-01,200.37,Manufacturing
433707,2024-10-01,200.57,Manufacturing
433707,2024-11-01,207.5,Manufacturing
433707,2024-12-01,198.73,Manufacturing
433707,2025-01-01,209.44,Manufacturing
433707,2025-02-01,207.13,Manufacturing
433707,2025-03-01,203.39,Manufacturing
433707,2025-04-01,214.92,Manufacturing
433707,2025-05-01,205.28,Manufacturing
433707,2025-06-01,204.64,Manufacturing
433707,2025-07-01,209.22,Manufacturing
433707,2025-08-01,210.89,Manufacturing
433707,2025-09-01,212.42,Manufacturing
433707,2025-10-01,212.75,Manufacturing
433707,2025-11-01,207.31,Manufacturing
433707,2025-12-01,212.91,Manufacturing
215298,2023-01-01,65.05,Manufacturing
215298,2023-02-01,62.87,Manufacturing
215298,2023-03-01,64.04,Manufacturing
215298,2023-04-01,65.6,Manufacturing
215298,2023-05-01,60.86,Manufacturing
215298,2023-06-01,62.71,Manufacturing
215298,2023-07-01,62.51,Manufacturing
215298,2023-08-01,63.29,Manufacturing
215298,2023-09-01,66.16,Manufacturing
215298,2023-10-01,65.06,Manufacturing
215298,2023-11-01,66.71,Manufacturing
215298,2023-12-01,61.81,Manufacturing
215298,2024-01-01,65.49,Manufacturing
215298,2024-02-01,67.71,Manufacturing
215298,2024-03-01,65.73,Manufacturing
215298,2024-04-01,69.65,Manufacturing
215298,2024-05-01,68.06,Manufacturing
215298,2024-06-01,68.25,Manufacturing
215298,2024-07-01,70.7,Manufacturing
215298,2024-08-01,69.06,Manufacturing
215298,2024-09-01,68.63,Manufacturing
215298,2024-10-01,67.98,Manufacturing
215298,2024-11-01,66.37,Manufacturing
215298,2024-12-01,67.26,Manufacturing
215298,2025-01-01,74.38,Manufacturing
215298,2025-02-01,73.03,Manufacturing
215298,2025-03-01,72.17,Manufacturing
215298,2025-04-01,70.6,Manufacturing
215298,2025-05-01,70.33,Manufacturing
215298,2025-06-01,70.47,Manufacturing
215298,2025-07-01,76.26,Manufacturing
215298,2025-08-01,69.74,Manufacturing
215298,2025-09-01,73.88,Manufacturing
215298,2025-10-01,71.63,Manufacturing
215298,2025-11-01,71.09,Manufacturing
215298,2025-12-01,72.42,Manufacturing
184755,2023-01-01,263.85,Manufacturing
184755,2023-02-01,267.84,Manufacturing
184755,2023-03-01,273.52,Manufacturing
184755,2023-04-01,272.25,Manufacturing
184755,2023-05-01,278.59,Manufacturing
184755,2023-06-01,269.11,Manufacturing
184755,2023-07-01,284.1,Manufacturing
184755,2023-08-01,271.01,Manufacturing
184755,2023-09-01,271.19,Manufacturing
184755,2023-10-01,264.84,Manufacturing
184755,2023-11-01,268.79,Manufacturing
184755,2023-12-01,279.63,Manufacturing
184755,2024-01-01,288.04,Manufacturing
184755,2024-02-01,290.83,Manufacturing
184755,2024-03-01,287.24,Manufacturing
184755,2024-04-01,281.8,Manufacturing
184755,2024-05-01,282.38,Manufacturing
184755,2024-06-01,292.99,Manufacturing
184755,2024-07-01,286.51,Manufacturing
184755,2024-08-01,284.5,Manufacturing
184755,2024-09-01,279.26,Manufacturing
184755,2024-10-01,289.14,Manufacturing
184755,2024-11-01,289.15,Manufacturing
184755,2024-12-01,298.15,Manufacturing
184755,2025-01-01,301.05,Manufacturing
184755,2025-02-01,305.51,Manufacturing
184755,2025-03-01,307.62,Manufacturing
184755,2025-04-01,312.1,Manufacturing
184755,2025-05-01,301.17,Manufacturing
184755,2025-06-01,314.09,Manufacturing
184755,2025-07-01,300.08,Manufacturing
184755,2025-08-01,325.12,Manufacturing
184755,2025-09-01,301.77,Manufacturing
184755,2025-10-01,297.65,Manufacturing
184755,2025-11-01,297.06,Manufacturing
184755,2025-12-01,303.0,Manufacturing
844857,2023-01-01,114.24,Manufacturing
844857,2023-02-01,122.52,Manufacturing
844857,2023-03-01,115.71,Manufacturing
844857,2023-04-01,113.23,Manufacturing
844857,2023-05-01,115.41,Manufacturing
844857,2023-06-01,116.73,Manufacturing
844857,2023-07-01,118.05,Manufacturing
844857,2023-08-01,113.51,Manufacturing
844857,2023-09-01,116.83,Manufacturing
844857,2023-10-01,120.28,Manufacturing
844857,2023-11-01,115.88,Manufacturing
844857,2023-12-01,117.29,Manufacturing
844857,2024-01-01,122.18,Manufacturing
844857,2024-02-01,119.03,Manufacturing
844857,2024-03-01,123.97,Manufacturing
844857,2024-04-01,124.9,Manufacturing
844857,2024-05-01,122.83,Manufacturing
844857,2024-06-01,121.07,Manufacturing
844857,2024-07-01,117.27,Manufacturing
844857,2024-08-01,122.51,Manufacturing
844857,2024-09-01,128.77,Manufacturing
844857,2024-10-01,119.12,Manufacturing
844857,2024-11-01,121.94,Manufacturing
844857,2024-12-01,125.66,Manufacturing
844857,2025-01-01,134.17,Manufacturing
844857,2025-02-01,134.86,Manufacturing
844857,2025-03-01,128.33,Manufacturing
844857,2025-04-01,132.31,Manufacturing
844857,2025-05-01,134.21,Manufacturing
844857,2025-06-01,133.24,Manufacturing
844857,2025-07-01,128.81,Manufacturing
844857,2025-08-01,127.47,Manufacturing
844857,2025-09-01,126.45,Manufacturing
844857,2025-10-01,148.07,Manufacturing
844857,2025-11-01,129.14,Manufacturing
844857,2025-12-01,154.0,Manufacturing
