product_id,effective_date,list_price,price_type
462163,2023-01-01,293.66,Standard List
462163,2023-02-01,299.46,Standard List
462163,2023-03-01,301.63,Standard List
462163,2023-04-01,298.61,Standard List
462163,2023-05-01,299.06,Standard List
462163,2023-06-01,299.79,Standard List
462163,2023-07-01,291.26,Standard List
462163,2023-08-01,300.52,Standard List
462163,2023-09-01,305.19,Standard List
462163,2023-10-01,295.58,Standard List
462163,2023-11-01,296.92,Standard List
462163,2023-12-01,300.96,Standard List
462163,2024-01-01,311.14,Standard List
462163,2024-02-01,306.89,Standard List
462163,2024-03-01,309.22,Standard List
462163,2024-04-01,282.76,Standard List
462163,2024-05-01,311.12,Standard List
462163,2024-06-01,311.05,Standard List
462163,2024-07-01,307.68,Standard List
462163,2024-08-01,308.99,Standard List
462163,2024-09-01,313.02,Standard List
462163,2024-10-01,308.99,Standard List
462163,2024-11-01,315.73,Standard List
462163,2024-12-01,309.35,Standard List
462163,2025-01-01,320.96,Standard List
462163,2025-02-01,317.68,Standard List
462163,2025-03-01,319.76,Standard List
462163,2025-04-01,320.81,Standard List
462163,2025-05-01,324.55,Standard List
462163,2025-06-01,327.02,Standard List
462163,2025-07-01,323.5,Standard List
462163,2025-08-01,340.48,Standard List
462163,2025-09-01,322.62,Standard List
462163,2025-10-01,314.69,Standard List
462163,2025-11-01,321.55,Standard List
462163,2025-12-01,318.17,Standard List
561886,2023-01-01,224.79,Standard List
561886,2023-02-01,224.06,Standard List
561886,2023-03-01,225.63,Standard List
561886,2023-04-01,234.44,Standard List
561886,2023-05-01,223.88,Standard List
561886,2023-06-01,225.39,Standard List
561886,2023-07-01,223.75,Standard List
561886,2023-08-01,228.9,Standard List
561886,2023-09-01,229.66,Standard List
561886,2023-10-01,226.55,Standard List
561886,2023-11-01,223.12,Standard List
561886,2023-12-01,226.39,Standard List
561886,2024-01-01,235.37,Standard List
561886,2024-02-01,234.98,Standard List
561886,2024-03-01,246.85,Standard List
561886,2024-04-01,233.91,Standard List
561886,2024-05-01,231.57,Standard List
561886,2024-06-01,231.17,Standard List
561886,2024-07-01,232.72,Standard List
561886,2024-08-01,227.62,Standard List
561886,2024-09-01,235.7,Standard List
561886,2024-10-01,234.4,Standard List
561886,2024-11-01,219.44,Standard List
561886,2024-12-01,235.65,Standard List
561886,2025-01-01,228.69,Standard List
561886,2025-02-01,247.01,Standard List
561886,2025-03-01,239.57,Standard List
561886,2025-04-01,240.22,Standard List
561886,2025-05-01,240.36,Standard List
561886,2025-06-01,240.82,Standard List
561886,2025-07-01,239.75,Standard List
561886,2025-08-01,240.35,Standard List
561886,2025-09-01,238.54,Standard List
561886,2025-10-01,239.31,Standard List
561886,2025-11-01,246.63,Standard List
561886,2025-12-01,239.24,Standard List
505333,2023-01-01,431.29,Standard List
505333,2023-02-01,429.99,Standard List
505333,2023-03-01,435.88,Standard List
505333,2023-04-01,431.51,Standard List
505333,2023-05-01,396.18,Standard List
505333,2023-06-01,437.92,Standard List
505333,2023-07-01,427.15,Standard List
505333,2023-08-01,422.63,Standard List
505333,2023-09-01,425.5,Standard List
505333,2023-10-01,435.4,Standard List
505333,2023-11-01,409.59,Standard List
505333,2023-12-01,438.48,Standard List
505333,2024-01-01,446.63,Standard List
505333,2024-02-01,454.89,Standard List
505333,2024-03-01,419.03,Standard List
505333,2024-04-01,450.46,Standard List
505333,2024-05-01,448.98,Standard List
505333,2024-06-01,445.45,Standard List
505333,2024-07-01,453.94,Standard List
505333,2024-08-01,452.13,Standard List
505333,2024-09-01,452.72,Standard List
505333,2024-10-01,458.44,Standard List
505333,2024-11-01,451.05,Standard List
505333,2024-12-01,448.33,Standard List
505333,2025-01-01,472.14,Standard List
505333,2025-02-01,466.94,Standard List
505333,2025-03-01,462.42,Standard List
505333,2025-04-01,463.93,Standard List
505333,2025-05-01,472.08,Standard List
505333,2025-06-01,458.24,Standard List
505333,2025-07-01,464.11,Standard List
505333,2025-08-01,463.11,Standard List
505333,2025-09-01,448.5,Standard List
505333,2025-10-01,455.51,Standard List
505333,2025-11-01,453.74,Standard List
505333,2025-12-01,479.88,Standard List
180321,2023-01-01,214.74,Standard List
180321,2023-02-01,213.97,Standard List
180321,2023-03-01,215.28,Standard List
180321,2023-04-01,221.29,Standard List
180321,2023-05-01,216.65,Standard List
180321,2023-06-01,215.82,Standard List
180321,2023-07-01,214.87,Standard List
180321,2023-08-01,220.23,Standard List
180321,2023-09-01,209.9,Standard List
180321,2023-10-01,216.81,Standard List
180321,2023-11-01,216.97,Standard List
180321,2023-12-01,216.92,Standard List
180321,2024-01-01,224.5,Standard List
180321,2024-02-01,216.16,Standard List
180321,2024-03-01,223.42,Standard List
180321,2024-04-01,216.86,Standard List
180321,2024-05-01,219.99,Standard List
180321,2024-06-01,219.48,Standard List
180321,2024-07-01,220.44,Standard List
180321,2024-08-01,226.13,Standard List
180321,2024-09-01,227.65,Standard List
180321,2024-10-01,223.13,Standard List
180321,2024-11-01,229.45,Standard List
180321,2024-12-01,225.93,Standard List
180321,2025-01-01,233.64,Standard List
180321,2025-02-01,228.38,Standard List
180321,2025-03-01,233.1,Standard List
180321,2025-04-01,230.88,Standard List
180321,2025-05-01,231.89,Standard List
180321,2025-06-01,235.75,Standard List
180321,2025-07-01,228.49,Standard List
180321,2025-08-01,233.55,Standard List
180321,2025-09-01,236.82,Standard List
180321,2025-10-01,229.37,Standard List
180321,2025-11-01,246.99,Standard List
180321,2025-12-01,236.19,Standard List
800544,2023-01-01,155.09,Standard List
800544,2023-02-01,157.57,Standard List
800544,2023-03-01,155.11,Standard List
800544,2023-04-01,156.29,Standard List
800544,2023-05-01,158.16,Standard List
800544,2023-06-01,155.99,Standard List
800544,2023-07-01,153.27,Standard List
800544,2023-08-01,157.59,Standard List
800544,2023-09-01,157.18,Standard List
800544,2023-10-01,155.46,Standard List
800544,2023-11-01,157.1,Standard List
800544,2023-12-01,155.46,Standard List
800544,2024-01-01,164.84,Standard List
800544,2024-02-01,160.21,Standard List
800544,2024-03-01,159.97,Standard List
800544,2024-04-01,164.47,Standard List
800544,2024-05-01,159.24,Standard List
800544,2024-06-01,161.31,Standard List
800544,2024-07-01,162.42,Standard List
800544,2024-08-01,163.65,Standard List
800544,2024-09-01,164.37,Standard List
800544,2024-10-01,156.3,Standard List
800544,2024-11-01,157.54,Standard List
800544,2024-12-01,161.6,Standard List
800544,2025-01-01,166.3,Standard List
800544,2025-02-01,167.62,Standard List
800544,2025-03-01,168.21,Standard List
800544,2025-04-01,169.41,Standard List
800544,2025-05-01,166.5,Standard List
800544,2025-06-01,168.54,Standard List
800544,2025-07-01,168.48,Standard List
800544,2025-08-01,166.6,Standard List
800544,2025-09-01,169.4,Standard List
800544,2025-10-01,166.66,Standard List
800544,2025-11-01,165.38,Standard List
800544,2025-12-01,166.43,Standard List
973623,2023-01-01,324.55,Standard List
973623,2023-02-01,306.58,Standard List
973623,2023-03-01,330.12,Standard List
973623,2023-04-01,326.16,Standard List
973623,2023-05-01,322.99,Standard List
973623,2023-06-01,325.27,Standard List
973623,2023-07-01,327.08,Standard List
973623,2023-08-01,326.89,Standard List
973623,2023-09-01,326.68,Standard List
973623,2023-10-01,324.74,Standard List
973623,2023-11-01,329.02,Standard List
973623,2023-12-01,327.65,Standard List
973623,2024-01-01,341.41,Standard List
973623,2024-02-01,334.47,Standard List
973623,2024-03-01,332.13,Standard List
973623,2024-04-01,340.43,Standard List
973623,2024-05-01,335.67,Standard List
973623,2024-06-01,330.29,Standard List
973623,2024-07-01,341.54,Standard List
973623,2024-08-01,336.91,Standard List
973623,2024-09-01,336.36,Standard List
973623,2024-10-01,331.25,Standard List
973623,2024-11-01,337.69,Standard List
973623,2024-12-01,340.57,Standard List
973623,2025-01-01,341.02,Standard List
973623,2025-02-01,342.67,Standard List
973623,2025-03-01,344.69,Standard List
973623,2025-04-01,352.62,Standard List
973623,2025-05-01,348.02,Standard List
973623,2025-06-01,345.72,Standard List
973623,2025-07-01,368.39,Standard List
973623,2025-08-01,330.33,Standard List
973623,2025-09-01,354.66,Standard List
973623,2025-10-01,350.42,Standard List
973623,2025-11-01,345.41,Standard List
973623,2025-12-01,349.25,Standard List
679462,2023-01-01,224.18,Standard List
679462,2023-02-01,234.44,Standard List
679462,2023-03-01,223.56,Standard List
679462,2023-04-01,226.69,Standard List
679462,2023-05-01,229.35,Standard List
679462,2023-06-01,223.61,Standard List
679462,2023-07-01,226.7,Standard List
679462,2023-08-01,229.84,Standard List
679462,2023-09-01,223.02,Standard List
679462,2023-10-01,232.54,Standard List
679462,2023-11-01,220.09,Standard List
679462,2023-12-01,230.01,Standard List
679462,2024-01-01,232.87,Standard List
679462,2024-02-01,236.27,Standard List
679462,2024-03-01,237.48,Standard List
679462,2024-04-01,235.09,Standard List
679462,2024-05-01,235.32,Standard List
679462,2024-06-01,236.2,Standard List
679462,2024-07-01,235.69,Standard List
679462,2024-08-01,238.85,Standard List
679462,2024-09-01,235.55,Standard List
679462,2024-10-01,242.41,Standard List
679462,2024-11-01,235.79,Standard List
679462,2024-12-01,235.21,Standard List
679462,2025-01-01,241.49,Standard List
679462,2025-02-01,241.77,Standard List
679462,2025-03-01,241.2,Standard List
679462,2025-04-01,243.18,Standard List
679462,2025-05-01,245.66,Standard List
679462,2025-06-01,247.25,Standard List
679462,2025-07-01,245.95,Standard List
679462,2025-08-01,227.28,Standard List
679462,2025-09-01,238.04,Standard List
679462,2025-10-01,244.43,Standard List
679462,2025-11-01,236.37,Standard List
679462,2025-12-01,245.81,Standard List
730465,2023-01-01,183.19,Standard List
730465,2023-02-01,180.63,Standard List
730465,2023-03-01,183.31,Standard List
730465,2023-04-01,185.33,Standard List
730465,2023-05-01,183.76,Standard List
730465,2023-06-01,183.84,Standard List
730465,2023-07-01,182.38,Standard List
730465,2023-08-01,182.83,Standard List
730465,2023-09-01,184.85,Standard List
730465,2023-10-01,186.41,Standard List
730465,2023-11-01,182.27,Standard List
730465,2023-12-01,197.44,Standard List
730465,2024-01-01,191.34,Standard List
730465,2024-02-01,189.95,Standard List
730465,2024-03-01,188.84,Standard List
730465,2024-04-01,192.0,Standard List
730465,2024-05-01,189.74,Standard List
730465,2024-06-01,192.21,Standard List
730465,2024-07-01,191.85,Standard List
730465,2024-08-01,191.64,Standard List
730465,2024-09-01,190.13,Standard List
730465,2024-10-01,190.44,Standard List
730465,2024-11-01,189.95,Standard List
730465,2024-12-01,188.7,Standard List
730465,2025-01-01,195.52,Standard List
730465,2025-02-01,195.7,Standard List
730465,2025-03-01,195.99,Standard List
730465,2025-04-01,197.92,Standard List
730465,2025-05-01,195.39,Standard List
730465,2025-06-01,194.57,Standard List
730465,2025-07-01,194.85,Standard List
730465,2025-08-01,182.1,Standard List
730465,2025-09-01,201.04,Standard List
730465,2025-10-01,195.11,Standard List
730465,2025-11-01,196.45,Standard List
730465,2025-12-01,194.09,Standard List
349080,2023-01-01,425.2,Standard List
349080,2023-02-01,428.86,Standard List
349080,2023-03-01,424.53,Standard List
349080,2023-04-01,433.53,Standard List
349080,2023-05-01,419.6,Standard List
349080,2023-06-01,407.44,Standard List
349080,2023-07-01,434.77,Standard List
349080,2023-08-01,447.19,Standard List
349080,2023-09-01,468.25,Standard List
349080,2023-10-01,420.83,Standard List
349080,2023-11-01,416.13,Standard List
349080,2023-12-01,422.91,Standard List
349080,2024-01-01,468.8,Standard List
349080,2024-02-01,445.5,Standard List
349080,2024-03-01,443.85,Standard List
349080,2024-04-01,437.77,Standard List
349080,2024-05-01,436.83,Standard List
349080,2024-06-01,439.24,Standard List
349080,2024-07-01,444.36,Standard List
349080,2024-08-01,440.48,Standard List
349080,2024-09-01,449.67,Standard List
349080,2024-10-01,439.27,Standard List
349080,2024-11-01,450.38,Standard List
349080,2024-12-01,443.45,Standard List
349080,2025-01-01,449.74,Standard List
349080,2025-02-01,449.4,Standard List
349080,2025-03-01,449.81,Standard List
349080,2025-04-01,446.71,Standard List
349080,2025-05-01,459.52,Standard List
349080,2025-06-01,456.05,Standard List
349080,2025-07-01,447.71,Standard List
349080,2025-08-01,455.08,Standard List
349080,2025-09-01,461.29,Standard List
349080,2025-10-01,457.5,Standard List
349080,2025-11-01,479.83,Standard List
349080,2025-12-01,452.56,Standard List
501116,2023-01-01,236.72,Standard List
501116,2023-02-01,226.58,Standard List
501116,2023-03-01,234.33,Standard List
501116,2023-04-01,233.79,Standard List
501116,2023-05-01,233.46,Standard List
501116,2023-06-01,217.23,Standard List
501116,2023-07-01,226.28,Standard List
501116,2023-08-01,239.04,Standard List
501116,2023-09-01,233.78,Standard List
501116,2023-10-01,235.09,Standard List
501116,2023-11-01,233.96,Standard List
501116,2023-12-01,234.16,Standard List
501116,2024-01-01,245.18,Standard List
501116,2024-02-01,244.06,Standard List
501116,2024-03-01,242.27,Standard List
501116,2024-04-01,240.87,Standard List
501116,2024-05-01,239.04,Standard List
501116,2024-06-01,240.88,Standard List
501116,2024-07-01,239.55,Standard List
501116,2024-08-01,239.03,Standard List
501116,2024-09-01,239.87,Standard List
501116,2024-10-01,239.05,Standard List
501116,2024-11-01,243.7,Standard List
501116,2024-12-01,237.36,Standard List
501116,2025-01-01,249.18,Standard List
501116,2025-02-01,249.55,Standard List
501116,2025-03-01,246.33,Standard List
501116,2025-04-01,246.18,Standard List
501116,2025-05-01,254.15,Standard List
501116,2025-06-01,249.57,Standard List
501116,2025-07-01,248.54,Standard List
501116,2025-08-01,255.6,Standard List
501116,2025-09-01,254.91,Standard List
501116,2025-10-01,249.54,Standard List
501116,2025-11-01,248.09,Standard List
501116,2025-12-01,249.49,Standard List
419070,2023-01-01,296.21,Standard List
419070,2023-02-01,291.89,Standard List
419070,2023-03-01,296.21,Standard List
419070,2023-04-01,298.04,Standard List
419070,2023-05-01,289.6,Standard List
419070,2023-06-01,287.27,Standard List
419070,2023-07-01,289.32,Standard List
419070,2023-08-01,293.59,Standard List
419070,2023-09-01,291.43,Standard List
419070,2023-10-01,288.65,Standard List
419070,2023-11-01,265.56,Standard List
419070,2023-12-01,289.04,Standard List
419070,2024-01-01,299.04,Standard List
419070,2024-02-01,301.68,Standard List
419070,2024-03-01,291.87,Standard List
419070,2024-04-01,302.04,Standard List
419070,2024-05-01,307.22,Standard List
419070,2024-06-01,297.11,Standard List
419070,2024-07-01,296.83,Standard List
419070,2024-08-01,308.4,Standard List
419070,2024-09-01,282.62,Standard List
419070,2024-10-01,303.18,Standard List
419070,2024-11-01,310.47,Standard List
419070,2024-12-01,305.06,Standard List
419070,2025-01-01,317.06,Standard List
419070,2025-02-01,311.24,Standard List
419070,2025-03-01,310.26,Standard List
419070,2025-04-01,301.06,Standard List
419070,2025-05-01,341.1,Standard List
419070,2025-06-01,311.24,Standard List
419070,2025-07-01,311.39,Standard List
419070,2025-08-01,334.4,Standard List
419070,2025-09-01,311.38,Standard List
419070,2025-10-01,306.9,Standard List
419070,2025-11-01,311.06,Standard List
419070,2025-12-01,313.5,Standard List
710125,2023-01-01,418.21,Standard List
710125,2023-02-01,411.55,Standard List
710125,2023-03-01,418.11,Standard List
710125,2023-04-01,419.87,Standard List
710125,2023-05-01,414.59,Standard List
710125,2023-06-01,415.16,Standard List
710125,2023-07-01,414.49,Standard List
710125,2023-08-01,442.57,Standard List
710125,2023-09-01,425.34,Standard List
710125,2023-10-01,415.05,Standard List
710125,2023-11-01,426.3,Standard List
710125,2023-12-01,417.97,Standard List
710125,2024-01-01,429.8,Standard List
710125,2024-02-01,435.21,Standard List
710125,2024-03-01,431.17,Standard List
710125,2024-04-01,439.62,Standard List
710125,2024-05-01,434.98,Standard List
710125,2024-06-01,429.68,Standard List
710125,2024-07-01,428.78,Standard List
710125,2024-08-01,429.24,Standard List
710125,2024-09-01,428.39,Standard List
710125,2024-10-01,426.82,Standard List
710125,2024-11-01,434.58,Standard List
710125,2024-12-01,438.34,Standard List
710125,2025-01-01,444.99,Standard List
710125,2025-02-01,439.08,Standard List
710125,2025-03-01,442.11,Standard List
710125,2025-04-01,446.16,Standard List
710125,2025-05-01,447.06,Standard List
710125,2025-06-01,451.09,Standard List
710125,2025-07-01,443.1,Standard List
710125,2025-08-01,446.7,Standard List
710125,2025-09-01,441.77,Standard List
710125,2025-10-01,448.83,Standard List
710125,2025-11-01,443.98,Standard List
710125,2025-12-01,414.76,Standard List
489693,2023-01-01,113.99,Standard List
489693,2023-02-01,116.61,Standard List
489693,2023-03-01,114.24,Standard List
489693,2023-04-01,117.55,Standard List
489693,2023-05-01,112.96,Standard List
489693,2023-06-01,117.96,Standard List
489693,2023-07-01,113.67,Standard List
489693,2023-08-01,115.73,Standard List
489693,2023-09-01,116.43,Standard List
489693,2023-10-01,115.52,Standard List
489693,2023-11-01,114.64,Standard List
489693,2023-12-01,114.15,Standard List
489693,2024-01-01,119.45,Standard List
489693,2024-02-01,117.82,Standard List
489693,2024-03-01,118.34,Standard List
489693,2024-04-01,117.71,Standard List
489693,2024-05-01,121.02,Standard List
489693,2024-06-01,125.93,Standard List
489693,2024-07-01,122.45,Standard List
489693,2024-08-01,121.35,Standard List
489693,2024-09-01,117.31,Standard List
489693,2024-10-01,119.77,Standard List
489693,2024-11-01,119.74,Standard List
489693,2024-12-01,116.07,Standard List
489693,2025-01-01,123.23,Standard List
489693,2025-02-01,122.25,Standard List
489693,2025-03-01,122.97,Standard List
489693,2025-04-01,124.89,Standard List
489693,2025-05-01,121.12,Standard List
489693,2025-06-01,121.56,Standard List
489693,2025-07-01,129.08,Standard List
489693,2025-08-01,124.53,Standard List
489693,2025-09-01,130.78,Standard List
489693,2025-10-01,121.18,Standard List
489693,2025-11-01,124.28,Standard List
489693,2025-12-01,125.16,Standard List
161127,2023-01-01,496.22,Standard List
161127,2023-02-01,499.29,Standard List
161127,2023-03-01,503.37,Standard List
161127,2023-04-01,493.36,Standard List
161127,2023-05-01,496.96,Standard List
161127,2023-06-01,489.21,Standard List
161127,2023-07-01,504.11,Standard List
161127,2023-08-01,502.35,Standard List
161127,2023-09-01,498.52,Standard List
161127,2023-10-01,534.94,Standard List
161127,2023-11-01,504.36,Standard List
161127,2023-12-01,497.9,Standard List
161127,2024-01-01,531.31,Standard List
161127,2024-02-01,511.43,Standard List
161127,2024-03-01,521.54,Standard List
161127,2024-04-01,512.88,Standard List
161127,2024-05-01,516.43,Standard List
161127,2024-06-01,522.59,Standard List
161127,2024-07-01,501.09,Standard List
161127,2024-08-01,515.98,Standard List
161127,2024-09-01,518.05,Standard List
161127,2024-10-01,507.32,Standard List
161127,2024-11-01,508.79,Standard List
161127,2024-12-01,504.58,Standard List
161127,2025-01-01,532.37,Standard List
161127,2025-02-01,527.91,Standard List
161127,2025-03-01,525.45,Standard List
161127,2025-04-01,531.9,Standard List
161127,2025-05-01,523.72,Standard List
161127,2025-06-01,535.54,Standard List
161127,2025-07-01,535.21,Standard List
161127,2025-08-01,528.8,Standard List
161127,2025-09-01,535.41,Standard List
161127,2025-10-01,531.53,Standard List
161127,2025-11-01,529.19,Standard List
161127,2025-12-01,531.35,Standard List
807430,2023-01-01,370.93,Standard List
807430,2023-02-01,368.63,Standard List
807430,2023-03-01,369.64,Standard List
807430,2023-04-01,366.35,Standard List
807430,2023-05-01,369.09,Standard List
807430,2023-06-01,370.74,Standard List
807430,2023-07-01,367.06,Standard List
807430,2023-08-01,367.82,Standard List
807430,2023-09-01,360.02,Standard List
807430,2023-10-01,363.62,Standard List
807430,2023-11-01,372.97,Standard List
807430,2023-12-01,362.17,Standard List
807430,2024-01-01,384.87,Standard List
807430,2024-02-01,380.76,Standard List
807430,2024-03-01,375.64,Standard List
807430,2024-04-01,379.0,Standard List
807430,2024-05-01,377.79,Standard List
807430,2024-06-01,386.85,Standard List
807430,2024-07-01,382.24,Standard List
807430,2024-08-01,373.34,Standard List
807430,2024-09-01,372.64,Standard List
807430,2024-10-01,380.59,Standard List
807430,2024-11-01,381.84,Standard List
807430,2024-12-01,377.15,Standard List
807430,2025-01-01,399.73,Standard List
807430,2025-02-01,386.91,Standard List
807430,2025-03-01,391.24,Standard List
807430,2025-04-01,394.68,Standard List
807430,2025-05-01,389.82,Standard List
807430,2025-06-01,390.6,Standard List
807430,2025-07-01,399.11,Standard List
807430,2025-08-01,419.04,Standard List
807430,2025-09-01,421.58,Standard List
807430,2025-10-01,390.37,Standard List
807430,2025-11-01,394.8,Standard List
807430,2025-12-01,369.15,Standard List
573810,2023-01-01,164.13,Standard List
573810,2023-02-01,161.41,Standard List
573810,2023-03-01,161.04,Standard List
573810,2023-04-01,160.08,Standard List
573810,2023-05-01,160.48,Standard List
573810,2023-06-01,164.02,Standard List
573810,2023-07-01,162.17,Standard List
573810,2023-08-01,164.98,Standard List
573810,2023-09-01,159.73,Standard List
573810,2023-10-01,159.96,Standard List
573810,2023-11-01,149.72,Standard List
573810,2023-12-01,157.87,Standard List
573810,2024-01-01,169.16,Standard List
573810,2024-02-01,166.17,Standard List
573810,2024-03-01,163.56,Standard List
573810,2024-04-01,168.52,Standard List
573810,2024-05-01,176.15,Standard List
573810,2024-06-01,170.26,Standard List
573810,2024-07-01,167.98,Standard List
573810,2024-08-01,167.04,Standard List
573810,2024-09-01,165.56,Standard List
573810,2024-10-01,167.14,Standard List
573810,2024-11-01,171.68,Standard List
573810,2024-12-01,166.82,Standard List
573810,2025-01-01,172.38,Standard List
573810,2025-02-01,171.42,Standard List
573810,2025-03-01,175.05,Standard List
573810,2025-04-01,174.84,Standard List
573810,2025-05-01,173.9,Standard List
573810,2025-06-01,174.56,Standard List
573810,2025-07-01,171.16,Standard List
573810,2025-08-01,173.47,Standard List
573810,2025-09-01,174.48,Standard List
573810,2025-10-01,177.19,Standard List
573810,2025-11-01,175.48,Standard List
573810,2025-12-01,173.7,Standard List
550301,2023-01-01,346.6,Standard List
550301,2023-02-01,349.79,Standard List
550301,2023-03-01,350.01,Standard List
550301,2023-04-01,345.77,Standard List
550301,2023-05-01,346.41,Standard List
550301,2023-06-01,343.12,Standard List
550301,2023-07-01,346.7,Standard List
550301,2023-08-01,351.82,Standard List
550301,2023-09-01,347.36,Standard List
550301,2023-10-01,344.0,Standard List
550301,2023-11-01,347.64,Standard List
550301,2023-12-01,344.82,Standard List
550301,2024-01-01,359.53,Standard List
550301,2024-02-01,366.43,Standard List
550301,2024-03-01,358.65,Standard List
550301,2024-04-01,364.06,Standard List
550301,2024-05-01,361.95,Standard List
550301,2024-06-01,380.13,Standard List
550301,2024-07-01,354.97,Standard List
550301,2024-08-01,361.98,Standard List
550301,2024-09-01,356.09,Standard List
550301,2024-10-01,359.61,Standard List
550301,2024-11-01,357.31,Standard List
550301,2024-12-01,364.09,Standard List
550301,2025-01-01,374.18,Standard List
550301,2025-02-01,359.82,Standard List
550301,2025-03-01,371.88,Standard List
550301,2025-04-01,378.56,Standard List
550301,2025-05-01,364.76,Standard List
550301,2025-06-01,370.88,Standard List
550301,2025-07-01,367.15,Standard List
550301,2025-08-01,374.31,Standard List
550301,2025-09-01,373.63,Standard List
550301,2025-10-01,371.16,Standard List
550301,2025-11-01,403.65,Standard List
550301,2025-12-01,368.15,Standard List
782272,2023-01-01,462.82,Standard List
782272,2023-02-01,459.62,Standard List
782272,2023-03-01,459.95,Standard List
782272,2023-04-01,465.57,Standard List
782272,2023-05-01,461.89,Standard List
782272,2023-06-01,463.75,Standard List
782272,2023-07-01,465.45,Standard List
782272,2023-08-01,458.48,Standard List
782272,2023-09-01,495.46,Standard List
782272,2023-10-01,460.46,Standard List
782272,2023-11-01,468.29,Standard List
782272,2023-12-01,464.89,Standard List
782272,2024-01-01,470.37,Standard List
782272,2024-02-01,488.54,Standard List
782272,2024-03-01,505.35,Standard List
782272,2024-04-01,473.98,Standard List
782272,2024-05-01,484.32,Standard List
782272,2024-06-01,480.06,Standard List
782272,2024-07-01,487.08,Standard List
782272,2024-08-01,482.44,Standard List
782272,2024-09-01,473.38,Standard List
782272,2024-10-01,483.35,Standard List
782272,2024-11-01,474.58,Standard List
782272,2024-12-01,493.2,Standard List
782272,2025-01-01,488.98,Standard List
782272,2025-02-01,499.04,Standard List
782272,2025-03-01,518.0,Standard List
782272,2025-04-01,492.08,Standard List
782272,2025-05-01,502.56,Standard List
782272,2025-06-01,495.35,Standard List
782272,2025-07-01,482.14,Standard List
782272,2025-08-01,492.76,Standard List
782272,2025-09-01,498.64,Standard List
782272,2025-10-01,497.03,Standard List
782272,2025-11-01,503.19,Standard List
782272,2025-12-01,500.4,Standard List
281314,2023-01-01,1044.16,Standard List
281314,2023-02-01,1047.28,Standard List
281314,2023-03-01,1067.88,Standard List
281314,2023-04-01,1044.26,Standard List
281314,2023-05-01,1119.6,Standard List
281314,2023-06-01,1074.6,Standard List
281314,2023-07-01,1038.45,Standard List
281314,2023-08-01,1053.33,Standard List
281314,2023-09-01,1088.47,Standard List
281314,2023-10-01,1043.3,Standard List
281314,2023-11-01,1056.49,Standard List
281314,2023-12-01,1051.96,Standard List
281314,2024-01-01,1100.72,Standard List
281314,2024-02-01,1096.17,Standard List
281314,2024-03-01,1106.17,Standard List
281314,2024-04-01,1193.3,Standard List
281314,2024-05-01,1099.84,Standard List
281314,2024-06-01,1102.45,Standard List
281314,2024-07-01,1114.05,Standard List
281314,2024-08-01,1086.1,Standard List
281314,2024-09-01,1105.29,Standard List
281314,2024-10-01,1083.77,Standard List
281314,2024-11-01,1081.8,Standard List
281314,2024-12-01,1109.29,Standard List
281314,2025-01-01,1047.48,Standard List
281314,2025-02-01,1135.88,Standard List
281314,2025-03-01,1137.84,Standard List
281314,2025-04-01,1122.17,Standard List
281314,2025-05-01,1137.74,Standard List
281314,2025-06-01,1151.54,Standard List
281314,2025-07-01,1128.18,Standard List
281314,2025-08-01,1142.19,Standard List
281314,2025-09-01,1115.1,Standard List
281314,2025-10-01,1135.34,Standard List
281314,2025-11-01,1130.53,Standard List
281314,2025-12-01,1169.93,Standard List
855746,2023-01-01,128.73,Standard List
855746,2023-02-01,140.77,Standard List
855746,2023-03-01,141.31,Standard List
855746,2023-04-01,139.0,Standard List
855746,2023-05-01,139.39,Standard List
855746,2023-06-01,151.16,Standard List
855746,2023-07-01,139.08,Standard List
855746,2023-08-01,140.96,Standard List
855746,2023-09-01,140.1,Standard List
855746,2023-10-01,138.73,Standard List
855746,2023-11-01,136.0,Standard List
855746,2023-12-01,139.85,Standard List
855746,2024-01-01,145.91,Standard List
855746,2024-02-01,146.45,Standard List
855746,2024-03-01,147.74,Standard List
855746,2024-04-01,144.83,Standard List
855746,2024-05-01,144.94,Standard List
855746,2024-06-01,146.58,Standard List
855746,2024-07-01,142.59,Standard List
855746,2024-08-01,142.86,Standard List
855746,2024-09-01,148.02,Standard List
855746,2024-10-01,144.49,Standard List
855746,2024-11-01,144.97,Standard List
855746,2024-12-01,143.35,Standard List
855746,2025-01-01,152.22,Standard List
855746,2025-02-01,161.03,Standard List
855746,2025-03-01,149.73,Standard List
855746,2025-04-01,144.44,Standard List
855746,2025-05-01,149.29,Standard List
855746,2025-06-01,150.71,Standard List
855746,2025-07-01,147.97,Standard List
855746,2025-08-01,149.24,Standard List
855746,2025-09-01,162.09,Standard List
855746,2025-10-01,151.22,Standard List
855746,2025-11-01,151.0,Standard List
855746,2025-12-01,163.75,Standard List
599116,2023-01-01,223.46,Standard List
599116,2023-02-01,224.87,Standard List
599116,2023-03-01,209.72,Standard List
599116,2023-04-01,222.29,Standard List
599116,2023-05-01,217.7,Standard List
599116,2023-06-01,222.18,Standard List
599116,2023-07-01,216.8,Standard List
599116,2023-08-01,217.59,Standard List
599116,2023-09-01,222.28,Standard List
599116,2023-10-01,218.9,Standard List
599116,2023-11-01,222.2,Standard List
599116,2023-12-01,220.35,Standard List
599116,2024-01-01,228.81,Standard List
599116,2024-02-01,228.56,Standard List
599116,2024-03-01,227.42,Standard List
599116,2024-04-01,228.24,Standard List
599116,2024-05-01,223.22,Standard List
599116,2024-06-01,229.84,Standard List
599116,2024-07-01,233.33,Standard List
599116,2024-08-01,212.58,Standard List
599116,2024-09-01,227.25,Standard List
599116,2024-10-01,227.04,Standard List
599116,2024-11-01,222.99,Standard List
599116,2024-12-01,229.09,Standard List
599116,2025-01-01,234.56,Standard List
599116,2025-02-01,242.28,Standard List
599116,2025-03-01,237.67,Standard List
599116,2025-04-01,236.59,Standard List
599116,2025-05-01,237.99,Standard List
599116,2025-06-01,239.66,Standard List
599116,2025-07-01,235.99,Standard List
599116,2025-08-01,234.92,Standard List
599116,2025-09-01,234.8,Standard List
599116,2025-10-01,238.4,Standard List
599116,2025-11-01,232.54,Standard List
599116,2025-12-01,233.18,Standard List
840466,2023-01-01,81.36,Standard List
840466,2023-02-01,81.53,Standard List
840466,2023-03-01,81.52,Standard List
840466,2023-04-01,83.22,Standard List
840466,2023-05-01,84.04,Standard List
840466,2023-06-01,83.41,Standard List
840466,2023-07-01,83.35,Standard List
840466,2023-08-01,83.73,Standard List
840466,2023-09-01,84.49,Standard List
840466,2023-10-01,82.98,Standard List
840466,2023-11-01,82.83,Standard List
840466,2023-12-01,83.2,Standard List
840466,2024-01-01,87.29,Standard List
840466,2024-02-01,85.15,Standard List
840466,2024-03-01,86.06,Standard List
840466,2024-04-01,85.5,Standard List
840466,2024-05-01,86.46,Standard List
840466,2024-06-01,87.13,Standard List
840466,2024-07-01,86.75,Standard List
840466,2024-08-01,85.79,Standard List
840466,2024-09-01,86.28,Standard List
840466,2024-10-01,85.12,Standard List
840466,2024-11-01,85.88,Standard List
840466,2024-12-01,86.85,Standard List
840466,2025-01-01,89.68,Standard List
840466,2025-02-01,89.24,Standard List
840466,2025-03-01,88.97,Standard List
840466,2025-04-01,85.81,Standard List
840466,2025-05-01,89.14,Standard List
840466,2025-06-01,88.6,Standard List
840466,2025-07-01,88.87,Standard List
840466,2025-08-01,89.8,Standard List
840466,2025-09-01,87.8,Standard List
840466,2025-10-01,90.37,Standard List
840466,2025-11-01,89.74,Standard List
840466,2025-12-01,88.59,Standard List
248704,2023-01-01,282.6,Standard List
248704,2023-02-01,278.66,Standard List
248704,2023-03-01,277.39,Standard List
248704,2023-04-01,290.07,Standard List
248704,2023-05-01,270.4,Standard List
248704,2023-06-01,297.61,Standard List
248704,2023-07-01,279.91,Standard List
248704,2023-08-01,275.86,Standard List
248704,2023-09-01,278.37,Standard List
248704,2023-10-01,285.05,Standard List
248704,2023-11-01,278.65,Standard List
248704,2023-12-01,283.21,Standard List
248704,2024-01-01,307.56,Standard List
248704,2024-02-01,286.53,Standard List
248704,2024-03-01,287.54,Standard List
248704,2024-04-01,290.28,Standard List
248704,2024-05-01,288.0,Standard List
248704,2024-06-01,287.14,Standard List
248704,2024-07-01,283.66,Standard List
248704,2024-08-01,306.18,Standard List
248704,2024-09-01,292.09,Standard List
248704,2024-10-01,290.94,Standard List
248704,2024-11-01,293.78,Standard List
248704,2024-12-01,289.84,Standard List
248704,2025-01-01,299.74,Standard List
248704,2025-02-01,273.21,Standard List
248704,2025-03-01,299.37,Standard List
248704,2025-04-01,294.17,Standard List
248704,2025-05-01,300.25,Standard List
248704,2025-06-01,302.75,Standard List
248704,2025-07-01,296.58,Standard List
248704,2025-08-01,294.5,Standard List
248704,2025-09-01,301.65,Standard List
248704,2025-10-01,302.09,Standard List
248704,2025-11-01,304.43,Standard List
248704,2025-12-01,296.52,Standard List
727601,2023-01-01,410.58,Standard List
727601,2023-02-01,419.39,Standard List
727601,2023-03-01,419.63,Standard List
727601,2023-04-01,411.87,Standard List
727601,2023-05-01,410.16,Standard List
727601,2023-06-01,413.36,Standard List
727601,2023-07-01,421.35,Standard List
727601,2023-08-01,409.61,Standard List
727601,2023-09-01,415.99,Standard List
727601,2023-10-01,418.9,Standard List
727601,2023-11-01,404.91,Standard List
727601,2023-12-01,413.41,Standard List
727601,2024-01-01,417.63,Standard List
727601,2024-02-01,429.45,Standard List
727601,2024-03-01,429.57,Standard List
727601,2024-04-01,429.94,Standard List
727601,2024-05-01,430.32,Standard List
727601,2024-06-01,423.49,Standard List
727601,2024-07-01,425.28,Standard List
727601,2024-08-01,433.6,Standard List
727601,2024-09-01,426.55,Standard List
727601,2024-10-01,435.58,Standard List
727601,2024-11-01,432.61,Standard List
727601,2024-12-01,431.18,Standard List
727601,2025-01-01,438.35,Standard List
727601,2025-02-01,440.31,Standard List
727601,2025-03-01,450.68,Standard List
727601,2025-04-01,435.75,Standard List
727601,2025-05-01,435.56,Standard List
727601,2025-06-01,442.37,Standard List
727601,2025-07-01,442.3,Standard List
727601,2025-08-01,447.7,Standard List
727601,2025-09-01,435.91,Standard List
727601,2025-10-01,441.38,Standard List
727601,2025-11-01,448.46,Standard List
727601,2025-12-01,441.84,Standard List
899086,2023-01-01,681.95,Standard List
899086,2023-02-01,690.66,Standard List
899086,2023-03-01,690.07,Standard List
899086,2023-04-01,672.9,Standard List
899086,2023-05-01,695.35,Standard List
899086,2023-06-01,682.28,Standard List
899086,2023-07-01,678.42,Standard List
899086,2023-08-01,684.23,Standard List
899086,2023-09-01,669.95,Standard List
899086,2023-10-01,668.62,Standard List
899086,2023-11-01,684.96,Standard List
899086,2023-12-01,667.46,Standard List
899086,2024-01-01,705.42,Standard List
899086,2024-02-01,700.77,Standard List
899086,2024-03-01,705.23,Standard List
899086,2024-04-01,709.1,Standard List
899086,2024-05-01,708.44,Standard List
899086,2024-06-01,697.05,Standard List
899086,2024-07-01,697.73,Standard List
899086,2024-08-01,699.44,Standard List
899086,2024-09-01,697.05,Standard List
899086,2024-10-01,747.27,Standard List
899086,2024-11-01,690.62,Standard List
899086,2024-12-01,701.35,Standard List
899086,2025-01-01,726.76,Standard List
899086,2025-02-01,714.35,Standard List
899086,2025-03-01,732.23,Standard List
899086,2025-04-01,718.37,Standard List
899086,2025-05-01,718.79,Standard List
899086,2025-06-01,729.3,Standard List
899086,2025-07-01,725.2,Standard List
899086,2025-08-01,718.85,Standard List
899086,2025-09-01,724.02,Standard List
899086,2025-10-01,710.4,Standard List
899086,2025-11-01,728.47,Standard List
899086,2025-12-01,717.79,Standard List
903806,2023-01-01,289.03,Standard List
903806,2023-02-01,290.36,Standard List
903806,2023-03-01,294.11,Standard List
903806,2023-04-01,288.64,Standard List
903806,2023-05-01,288.36,Standard List
903806,2023-06-01,289.18,Standard List
903806,2023-07-01,290.47,Standard List
903806,2023-08-01,293.16,Standard List
903806,2023-09-01,295.12,Standard List
903806,2023-10-01,287.49,Standard List
903806,2023-11-01,282.83,Standard List
903806,2023-12-01,288.63,Standard List
903806,2024-01-01,296.12,Standard List
903806,2024-02-01,293.82,Standard List
903806,2024-03-01,303.78,Standard List
903806,2024-04-01,297.5,Standard List
903806,2024-05-01,307.07,Standard List
903806,2024-06-01,298.05,Standard List
903806,2024-07-01,296.6,Standard List
903806,2024-08-01,296.96,Standard List
903806,2024-09-01,300.22,Standard List
903806,2024-10-01,299.82,Standard List
903806,2024-11-01,300.4,Standard List
903806,2024-12-01,302.5,Standard List
903806,2025-01-01,309.38,Standard List
903806,2025-02-01,307.97,Standard List
903806,2025-03-01,330.0,Standard List
903806,2025-04-01,311.93,Standard List
903806,2025-05-01,318.11,Standard List
903806,2025-06-01,305.99,Standard List
903806,2025-07-01,307.01,Standard List
903806,2025-08-01,309.31,Standard List
903806,2025-09-01,305.52,Standard List
903806,2025-10-01,314.84,Standard List
903806,2025-11-01,312.59,Standard List
903806,2025-12-01,282.8,Standard List
494969,2023-01-01,1278.06,Standard List
494969,2023-02-01,1276.36,Standard List
494969,2023-03-01,1268.46,Standard List
494969,2023-04-01,1271.78,Standard List
494969,2023-05-01,1262.46,Standard List
494969,2023-06-01,1269.96,Standard List
494969,2023-07-01,1290.34,Standard List
494969,2023-08-01,1311.39,Standard List
494969,2023-09-01,1249.55,Standard List
494969,2023-10-01,1280.48,Standard List
494969,2023-11-01,1279.26,Standard List
494969,2023-12-01,1280.63,Standard List
494969,2024-01-01,1267.65,Standard List
494969,2024-02-01,1347.23,Standard List
494969,2024-03-01,1307.1,Standard List
494969,2024-04-01,1328.78,Standard List
494969,2024-05-01,1436.64,Standard List
494969,2024-06-01,1334.49,Standard List
494969,2024-07-01,1334.22,Standard List
494969,2024-08-01,1336.3,Standard List
494969,2024-09-01,1353.23,Standard List
494969,2024-10-01,1331.12,Standard List
494969,2024-11-01,1333.87,Standard List
494969,2024-12-01,1321.82,Standard List
494969,2025-01-01,1382.28,Standard List
494969,2025-02-01,1352.82,Standard List
494969,2025-03-01,1381.14,Standard List
494969,2025-04-01,1339.87,Standard List
494969,2025-05-01,1344.11,Standard List
494969,2025-06-01,1344.29,Standard List
494969,2025-07-01,1364.37,Standard List
494969,2025-08-01,1374.67,Standard List
494969,2025-09-01,1379.06,Standard List
494969,2025-10-01,1367.44,Standard List
494969,2025-11-01,1352.69,Standard List
494969,2025-12-01,1355.57,Standard List
182920,2023-01-01,318.45,Standard List
182920,2023-02-01,312.76,Standard List
182920,2023-03-01,315.48,Standard List
182920,2023-04-01,316.53,Standard List
182920,2023-05-01,320.19,Standard List
182920,2023-06-01,319.17,Standard List
182920,2023-07-01,312.17,Standard List
182920,2023-08-01,314.76,Standard List
182920,2023-09-01,318.27,Standard List
182920,2023-10-01,328.3,Standard List
182920,2023-11-01,315.3,Standard List
182920,2023-12-01,319.65,Standard List
182920,2024-01-01,324.29,Standard List
182920,2024-02-01,329.16,Standard List
182920,2024-03-01,332.83,Standard List
182920,2024-04-01,324.09,Standard List
182920,2024-05-01,327.66,Standard List
182920,2024-06-01,306.84,Standard List
182920,2024-07-01,317.96,Standard List
182920,2024-08-01,327.21,Standard List
182920,2024-09-01,331.18,Standard List
182920,2024-10-01,326.83,Standard List
182920,2024-11-01,324.83,Standard List
182920,2024-12-01,334.88,Standard List
182920,2025-01-01,341.4,Standard List
182920,2025-02-01,337.45,Standard List
182920,2025-03-01,333.59,Standard List
182920,2025-04-01,344.22,Standard List
182920,2025-05-01,342.11,Standard List
182920,2025-06-01,329.87,Standard List
182920,2025-07-01,339.89,Standard List
182920,2025-08-01,362.07,Standard List
182920,2025-09-01,338.94,Standard List
182920,2025-10-01,342.31,Standard List
182920,2025-11-01,335.88,Standard List
182920,2025-12-01,342.05,Standard List
872699,2023-01-01,276.52,Standard List
872699,2023-02-01,313.76,Standard List
872699,2023-03-01,295.55,Standard List
872699,2023-04-01,299.47,Standard List
872699,2023-05-01,299.74,Standard List
872699,2023-06-01,296.52,Standard List
872699,2023-07-01,302.73,Standard List
872699,2023-08-01,297.95,Standard List
872699,2023-09-01,297.88,Standard List
872699,2023-10-01,300.46,Standard List
872699,2023-11-01,303.8,Standard List
872699,2023-12-01,297.14,Standard List
872699,2024-01-01,293.46,Standard List
872699,2024-02-01,305.51,Standard List
872699,2024-03-01,302.17,Standard List
872699,2024-04-01,309.48,Standard List
872699,2024-05-01,308.41,Standard List
872699,2024-06-01,299.21,Standard List
872699,2024-07-01,311.95,Standard List
872699,2024-08-01,305.67,Standard List
872699,2024-09-01,310.93,Standard List
872699,2024-10-01,301.47,Standard List
872699,2024-11-01,305.55,Standard List
872699,2024-12-01,312.41,Standard List
872699,2025-01-01,322.01,Standard List
872699,2025-02-01,310.64,Standard List
872699,2025-03-01,299.13,Standard List
872699,2025-04-01,316.37,Standard List
872699,2025-05-01,316.04,Standard List
872699,2025-06-01,319.86,Standard List
872699,2025-07-01,315.43,Standard List
872699,2025-08-01,313.53,Standard List
872699,2025-09-01,311.6,Standard List
872699,2025-10-01,315.0,Standard List
872699,2025-11-01,311.66,Standard List
872699,2025-12-01,326.26,Standard List
934063,2023-01-01,177.27,Standard List
934063,2023-02-01,189.39,Standard List
934063,2023-03-01,193.1,Standard List
934063,2023-04-01,192.58,Standard List
934063,2023-05-01,183.88,Standard List
934063,2023-06-01,187.71,Standard List
934063,2023-07-01,195.14,Standard List
934063,2023-08-01,190.07,Standard List
934063,2023-09-01,189.85,Standard List
934063,2023-10-01,193.1,Standard List
934063,2023-11-01,190.02,Standard List
934063,2023-12-01,186.77,Standard List
934063,2024-01-01,195.7,Standard List
934063,2024-02-01,197.64,Standard List
934063,2024-03-01,198.87,Standard List
934063,2024-04-01,196.74,Standard List
934063,2024-05-01,194.34,Standard List
934063,2024-06-01,192.89,Standard List
934063,2024-07-01,215.17,Standard List
934063,2024-08-01,193.76,Standard List
934063,2024-09-01,198.2,Standard List
934063,2024-10-01,196.18,Standard List
934063,2024-11-01,204.19,Standard List
934063,2024-12-01,188.45,Standard List
934063,2025-01-01,202.87,Standard List
934063,2025-02-01,204.03,Standard List
934063,2025-03-01,199.92,Standard List
934063,2025-04-01,206.87,Standard List
934063,2025-05-01,204.65,Standard List
934063,2025-06-01,204.99,Standard List
934063,2025-07-01,202.1,Standard List
934063,2025-08-01,214.24,Standard List
934063,2025-09-01,199.34,Standard List
934063,2025-10-01,202.06,Standard List
934063,2025-11-01,205.74,Standard List
934063,2025-12-01,201.8,Standard List
668491,2023-01-01,151.36,Standard List
668491,2023-02-01,154.37,Standard List
668491,2023-03-01,152.28,Standard List
668491,2023-04-01,155.33,Standard List
668491,2023-05-01,150.76,Standard List
668491,2023-06-01,152.42,Standard List
668491,2023-07-01,154.01,Standard List
668491,2023-08-01,139.96,Standard List
668491,2023-09-01,148.76,Standard List
668491,2023-10-01,155.19,Standard List
668491,2023-11-01,153.35,Standard List
668491,2023-12-01,151.76,Standard List
668491,2024-01-01,156.6,Standard List
668491,2024-02-01,156.99,Standard List
668491,2024-03-01,158.11,Standard List
668491,2024-04-01,157.59,Standard List
668491,2024-05-01,148.06,Standard List
668491,2024-06-01,158.52,Standard List
668491,2024-07-01,158.23,Standard List
668491,2024-08-01,157.08,Standard List
668491,2024-09-01,156.91,Standard List
668491,2024-10-01,156.45,Standard List
668491,2024-11-01,156.77,Standard List
668491,2024-12-01,156.84,Standard List
668491,2025-01-01,160.05,Standard List
668491,2025-02-01,164.05,Standard List
668491,2025-03-01,164.88,Standard List
668491,2025-04-01,152.2,Standard List
668491,2025-05-01,164.43,Standard List
668491,2025-06-01,160.53,Standard List
668491,2025-07-01,157.34,Standard List
668491,2025-08-01,159.31,Standard List
668491,2025-09-01,163.11,Standard List
668491,2025-10-01,162.73,Standard List
668491,2025-11-01,161.94,Standard List
668491,2025-12-01,164.66,Standard List
689082,2023-01-01,206.06,Standard List
689082,2023-02-01,209.21,Standard List
689082,2023-03-01,205.22,Standard List
689082,2023-04-01,210.96,Standard List
689082,2023-05-01,206.95,Standard List
689082,2023-06-01,205.96,Standard List
689082,2023-07-01,204.9,Standard List
689082,2023-08-01,205.77,Standard List
689082,2023-09-01,208.7,Standard List
689082,2023-10-01,204.39,Standard List
689082,2023-11-01,205.38,Standard List
689082,2023-12-01,199.85,Standard List
689082,2024-01-01,219.43,Standard List
689082,2024-02-01,211.24,Standard List
689082,2024-03-01,213.71,Standard List
689082,2024-04-01,212.81,Standard List
689082,2024-05-01,213.86,Standard List
689082,2024-06-01,214.22,Standard List
689082,2024-07-01,212.55,Standard List
689082,2024-08-01,215.52,Standard List
689082,2024-09-01,220.86,Standard List
689082,2024-10-01,212.94,Standard List
689082,2024-11-01,220.72,Standard List
689082,2024-12-01,217.68,Standard List
689082,2025-01-01,218.3,Standard List
689082,2025-02-01,225.46,Standard List
689082,2025-03-01,219.53,Standard List
689082,2025-04-01,222.23,Standard List
689082,2025-05-01,215.49,Standard List
689082,2025-06-01,220.9,Standard List
689082,2025-07-01,223.51,Standard List
689082,2025-08-01,224.3,Standard List
689082,2025-09-01,223.09,Standard List
689082,2025-10-01,220.6,Standard List
689082,2025-11-01,219.99,Standard List
689082,2025-12-01,221.53,Standard List
762149,2023-01-01,438.16,Standard List
762149,2023-02-01,444.48,Standard List
762149,2023-03-01,447.94,Standard List
762149,2023-04-01,446.96,Standard List
762149,2023-05-01,440.21,Standard List
762149,2023-06-01,431.56,Standard List
762149,2023-07-01,439.14,Standard List
762149,2023-08-01,470.15,Standard List
762149,2023-09-01,450.97,Standard List
762149,2023-10-01,433.58,Standard List
762149,2023-11-01,439.71,Standard List
762149,2023-12-01,443.12,Standard List
762149,2024-01-01,457.47,Standard List
762149,2024-02-01,451.05,Standard List
762149,2024-03-01,494.81,Standard List
762149,2024-04-01,453.42,Standard List
762149,2024-05-01,461.71,Standard List
762149,2024-06-01,439.17,Standard List
762149,2024-07-01,450.46,Standard List
762149,2024-08-01,467.55,Standard List
762149,2024-09-01,456.87,Standard List
762149,2024-10-01,450.31,Standard List
762149,2024-11-01,496.81,Standard List
762149,2024-12-01,454.51,Standard List
762149,2025-01-01,451.58,Standard List
762149,2025-02-01,469.3,Standard List
762149,2025-03-01,471.4,Standard List
762149,2025-04-01,480.1,Standard List
762149,2025-05-01,471.58,Standard List
762149,2025-06-01,478.51,Standard List
762149,2025-07-01,471.18,Standard List
762149,2025-08-01,476.73,Standard List
762149,2025-09-01,471.32,Standard List
762149,2025-10-01,489.01,Standard List
762149,2025-11-01,509.59,Standard List
762149,2025-12-01,473.62,Standard List
505404,2023-01-01,214.08,Standard List
505404,2023-02-01,211.92,Standard List
505404,2023-03-01,214.54,Standard List
505404,2023-04-01,217.14,Standard List
505404,2023-05-01,216.04,Standard List
505404,2023-06-01,213.74,Standard List
505404,2023-07-01,230.23,Standard List
505404,2023-08-01,215.35,Standard List
505404,2023-09-01,205.05,Standard List
505404,2023-10-01,217.63,Standard List
505404,2023-11-01,212.78,Standard List
505404,2023-12-01,215.09,Standard List
505404,2024-01-01,223.54,Standard List
505404,2024-02-01,228.15,Standard List
505404,2024-03-01,224.86,Standard List
505404,2024-04-01,227.55,Standard List
505404,2024-05-01,218.27,Standard List
505404,2024-06-01,224.85,Standard List
505404,2024-07-01,223.89,Standard List
505404,2024-08-01,222.68,Standard List
505404,2024-09-01,221.81,Standard List
505404,2024-10-01,225.88,Standard List
505404,2024-11-01,221.12,Standard List
505404,2024-12-01,222.16,Standard List
505404,2025-01-01,224.0,Standard List
505404,2025-02-01,232.68,Standard List
505404,2025-03-01,230.32,Standard List
505404,2025-04-01,230.03,Standard List
505404,2025-05-01,228.3,Standard List
505404,2025-06-01,228.84,Standard List
505404,2025-07-01,226.71,Standard List
505404,2025-08-01,232.0,Standard List
505404,2025-09-01,232.5,Standard List
505404,2025-10-01,229.43,Standard List
505404,2025-11-01,230.67,Standard List
505404,2025-12-01,228.72,Standard List
978022,2023-01-01,580.97,Standard List
978022,2023-02-01,623.18,Standard List
978022,2023-03-01,627.44,Standard List
978022,2023-04-01,575.06,Standard List
978022,2023-05-01,537.54,Standard List
978022,2023-06-01,579.61,Standard List
978022,2023-07-01,581.76,Standard List
978022,2023-08-01,582.9,Standard List
978022,2023-09-01,593.49,Standard List
978022,2023-10-01,574.37,Standard List
978022,2023-11-01,580.11,Standard List
978022,2023-12-01,575.03,Standard List
978022,2024-01-01,588.18,Standard List
978022,2024-02-01,590.87,Standard List
978022,2024-03-01,601.65,Standard List
978022,2024-04-01,595.27,Standard List
978022,2024-05-01,606.86,Standard List
978022,2024-06-01,600.01,Standard List
978022,2024-07-01,592.89,Standard List
978022,2024-08-01,600.78,Standard List
978022,2024-09-01,597.58,Standard List
978022,2024-10-01,591.85,Standard List
978022,2024-11-01,566.27,Standard List
978022,2024-12-01,592.66,Standard List
978022,2025-01-01,608.57,Standard List
978022,2025-02-01,624.99,Standard List
978022,2025-03-01,631.44,Standard List
978022,2025-04-01,614.33,Standard List
978022,2025-05-01,616.18,Standard List
978022,2025-06-01,620.12,Standard List
978022,2025-07-01,630.0,Standard List
978022,2025-08-01,612.25,Standard List
978022,2025-09-01,622.77,Standard List
978022,2025-10-01,613.82,Standard List
978022,2025-11-01,623.52,Standard List
978022,2025-12-01,616.81,Standard List
745703,2023-01-01,158.56,Standard List
745703,2023-02-01,152.69,Standard List
745703,2023-03-01,153.61,Standard List
745703,2023-04-01,154.85,Standard List
745703,2023-05-01,153.2,Standard List
745703,2023-06-01,153.71,Standard List
745703,2023-07-01,156.83,Standard List
745703,2023-08-01,163.77,Standard List
745703,2023-09-01,157.53,Standard List
745703,2023-10-01,154.35,Standard List
745703,2023-11-01,156.54,Standard List
745703,2023-12-01,159.18,Standard List
745703,2024-01-01,164.01,Standard List
745703,2024-02-01,161.96,Standard List
745703,2024-03-01,156.82,Standard List
745703,2024-04-01,160.55,Standard List
745703,2024-05-01,160.52,Standard List
745703,2024-06-01,157.72,Standard List
745703,2024-07-01,161.26,Standard List
745703,2024-08-01,162.74,Standard List
745703,2024-09-01,160.53,Standard List
745703,2024-10-01,160.25,Standard List
745703,2024-11-01,163.26,Standard List
745703,2024-12-01,164.84,Standard List
745703,2025-01-01,168.72,Standard List
745703,2025-02-01,165.59,Standard List
745703,2025-03-01,165.88,Standard List
745703,2025-04-01,167.15,Standard List
745703,2025-05-01,167.55,Standard List
745703,2025-06-01,165.05,Standard List
745703,2025-07-01,166.63,Standard List
745703,2025-08-01,161.02,Standard List
745703,2025-09-01,165.03,Standard List
745703,2025-10-01,164.61,Standard List
745703,2025-11-01,176.5,Standard List
745703,2025-12-01,164.34,Standard List
157434,2023-01-01,823.46,Standard List
157434,2023-02-01,836.52,Standard List
157434,2023-03-01,843.14,Standard List
157434,2023-04-01,828.93,Standard List
157434,2023-05-01,851.67,Standard List
157434,2023-06-01,849.33,Standard List
157434,2023-07-01,851.79,Standard List
157434,2023-08-01,840.29,Standard List
157434,2023-09-01,825.9,Standard List
157434,2023-10-01,860.97,Standard List
157434,2023-11-01,825.02,Standard List
157434,2023-12-01,829.88,Standard List
157434,2024-01-01,883.25,Standard List
157434,2024-02-01,866.16,Standard List
157434,2024-03-01,868.22,Standard List
157434,2024-04-01,866.23,Standard List
157434,2024-05-01,861.2,Standard List
157434,2024-06-01,867.82,Standard List
157434,2024-07-01,878.99,Standard List
157434,2024-08-01,863.26,Standard List
157434,2024-09-01,860.85,Standard List
157434,2024-10-01,869.49,Standard List
157434,2024-11-01,876.13,Standard List
157434,2024-12-01,886.87,Standard List
157434,2025-01-01,886.35,Standard List
157434,2025-02-01,911.86,Standard List
157434,2025-03-01,888.19,Standard List
157434,2025-04-01,903.81,Standard List
157434,2025-05-01,902.74,Standard List
157434,2025-06-01,890.11,Standard List
157434,2025-07-01,882.43,Standard List
157434,2025-08-01,909.81,Standard List
157434,2025-09-01,917.32,Standard List
157434,2025-10-01,917.07,Standard List
157434,2025-11-01,895.9,Standard List
157434,2025-12-01,897.48,Standard List
784997,2023-01-01,176.18,Standard List
784997,2023-02-01,176.19,Standard List
784997,2023-03-01,174.47,Standard List
784997,2023-04-01,165.98,Standard List
784997,2023-05-01,176.95,Standard List
784997,2023-06-01,173.6,Standard List
784997,2023-07-01,178.2,Standard List
784997,2023-08-01,194.31,Standard List
784997,2023-09-01,176.24,Standard List
784997,2023-10-01,177.71,Standard List
784997,2023-11-01,165.57,Standard List
784997,2023-12-01,172.05,Standard List
784997,2024-01-01,179.33,Standard List
784997,2024-02-01,178.23,Standard List
784997,2024-03-01,171.87,Standard List
784997,2024-04-01,182.42,Standard List
784997,2024-05-01,176.77,Standard List
784997,2024-06-01,185.68,Standard List
784997,2024-07-01,180.94,Standard List
784997,2024-08-01,184.5,Standard List
784997,2024-09-01,184.87,Standard List
784997,2024-10-01,192.82,Standard List
784997,2024-11-01,180.21,Standard List
784997,2024-12-01,182.92,Standard List
784997,2025-01-01,185.26,Standard List
784997,2025-02-01,191.96,Standard List
784997,2025-03-01,188.67,Standard List
784997,2025-04-01,188.95,Standard List
784997,2025-05-01,189.15,Standard List
784997,2025-06-01,187.27,Standard List
784997,2025-07-01,188.12,Standard List
784997,2025-08-01,197.97,Standard List
784997,2025-09-01,187.53,Standard List
784997,2025-10-01,191.62,Standard List
784997,2025-11-01,194.02,Standard List
784997,2025-12-01,185.87,Standard List
499063,2023-01-01,684.1,Standard List
499063,2023-02-01,680.34,Standard List
499063,2023-03-01,683.77,Standard List
499063,2023-04-01,690.74,Standard List
499063,2023-05-01,669.65,Standard List
499063,2023-06-01,706.33,Standard List
499063,2023-07-01,677.32,Standard List
499063,2023-08-01,684.38,Standard List
499063,2023-09-01,684.06,Standard List
499063,2023-10-01,684.36,Standard List
499063,2023-11-01,678.08,Standard List
499063,2023-12-01,676.25,Standard List
499063,2024-01-01,673.96,Standard List
499063,2024-02-01,707.29,Standard List
499063,2024-03-01,717.77,Standard List
499063,2024-04-01,705.55,Standard List
499063,2024-05-01,704.41,Standard List
499063,2024-06-01,705.14,Standard List
499063,2024-07-01,707.51,Standard List
499063,2024-08-01,707.39,Standard List
499063,2024-09-01,699.49,Standard List
499063,2024-10-01,703.42,Standard List
499063,2024-11-01,692.84,Standard List
499063,2024-12-01,719.02,Standard List
499063,2025-01-01,732.6,Standard List
499063,2025-02-01,743.13,Standard List
499063,2025-03-01,730.1,Standard List
499063,2025-04-01,738.04,Standard List
499063,2025-05-01,729.8,Standard List
499063,2025-06-01,747.34,Standard List
499063,2025-07-01,721.77,Standard List
499063,2025-08-01,718.24,Standard List
499063,2025-09-01,724.62,Standard List
499063,2025-10-01,723.14,Standard List
499063,2025-11-01,727.49,Standard List
499063,2025-12-01,726.83,Standard List
872450,2023-01-01,365.01,Standard List
872450,2023-02-01,364.84,Standard List
872450,2023-03-01,365.56,Standard List
872450,2023-04-01,365.72,Standard List
872450,2023-05-01,372.36,Standard List
872450,2023-06-01,367.77,Standard List
872450,2023-07-01,345.77,Standard List
872450,2023-08-01,366.17,Standard List
872450,2023-09-01,375.3,Standard List
872450,2023-10-01,372.9,Standard List
872450,2023-11-01,398.39,Standard List
872450,2023-12-01,338.33,Standard List
872450,2024-01-01,378.76,Standard List
872450,2024-02-01,372.33,Standard List
872450,2024-03-01,380.64,Standard List
872450,2024-04-01,370.85,Standard List
872450,2024-05-01,376.8,Standard List
872450,2024-06-01,385.35,Standard List
872450,2024-07-01,378.96,Standard List
872450,2024-08-01,381.53,Standard List
872450,2024-09-01,412.91,Standard List
872450,2024-10-01,383.83,Standard List
872450,2024-11-01,377.88,Standard List
872450,2024-12-01,383.86,Standard List
872450,2025-01-01,391.5,Standard List
872450,2025-02-01,388.3,Standard List
872450,2025-03-01,386.04,Standard List
872450,2025-04-01,390.49,Standard List
872450,2025-05-01,389.73,Standard List
872450,2025-06-01,399.19,Standard List
872450,2025-07-01,395.28,Standard List
872450,2025-08-01,397.4,Standard List
872450,2025-09-01,394.0,Standard List
872450,2025-10-01,386.31,Standard List
872450,2025-11-01,387.74,Standard List
872450,2025-12-01,396.32,Standard List
590874,2023-01-01,799.47,Standard List
590874,2023-02-01,806.22,Standard List
590874,2023-03-01,817.43,Standard List
590874,2023-04-01,845.84,Standard List
590874,2023-05-01,808.94,Standard List
590874,2023-06-01,803.8,Standard List
590874,2023-07-01,816.29,Standard List
590874,2023-08-01,800.9,Standard List
590874,2023-09-01,810.93,Standard List
590874,2023-10-01,803.58,Standard List
590874,2023-11-01,794.33,Standard List
590874,2023-12-01,816.31,Standard List
590874,2024-01-01,842.89,Standard List
590874,2024-02-01,838.91,Standard List
590874,2024-03-01,824.93,Standard List
590874,2024-04-01,829.88,Standard List
590874,2024-05-01,825.58,Standard List
590874,2024-06-01,829.3,Standard List
590874,2024-07-01,844.47,Standard List
590874,2024-08-01,880.44,Standard List
590874,2024-09-01,834.86,Standard List
590874,2024-10-01,825.59,Standard List
590874,2024-11-01,825.95,Standard List
590874,2024-12-01,825.86,Standard List
590874,2025-01-01,866.97,Standard List
590874,2025-02-01,868.97,Standard List
590874,2025-03-01,873.37,Standard List
590874,2025-04-01,800.74,Standard List
590874,2025-05-01,907.29,Standard List
590874,2025-06-01,869.08,Standard List
590874,2025-07-01,882.34,Standard List
590874,2025-08-01,812.82,Standard List
590874,2025-09-01,867.85,Standard List
590874,2025-10-01,862.41,Standard List
590874,2025-11-01,865.35,Standard List
590874,2025-12-01,851.62,Standard List
304510,2023-01-01,244.07,Standard List
304510,2023-02-01,246.03,Standard List
304510,2023-03-01,247.53,Standard List
304510,2023-04-01,246.16,Standard List
304510,2023-05-01,247.78,Standard List
304510,2023-06-01,245.36,Standard List
304510,2023-07-01,256.9,Standard List
304510,2023-08-01,246.27,Standard List
304510,2023-09-01,250.26,Standard List
304510,2023-10-01,248.7,Standard List
304510,2023-11-01,242.25,Standard List
304510,2023-12-01,244.82,Standard List
304510,2024-01-01,256.61,Standard List
304510,2024-02-01,251.99,Standard List
304510,2024-03-01,257.34,Standard List
304510,2024-04-01,253.71,Standard List
304510,2024-05-01,258.78,Standard List
304510,2024-06-01,255.06,Standard List
304510,2024-07-01,255.57,Standard List
304510,2024-08-01,254.82,Standard List
304510,2024-09-01,252.09,Standard List
304510,2024-10-01,255.93,Standard List
304510,2024-11-01,255.09,Standard List
304510,2024-12-01,255.65,Standard List
304510,2025-01-01,269.49,Standard List
304510,2025-02-01,260.78,Standard List
304510,2025-03-01,263.28,Standard List
304510,2025-04-01,263.87,Standard List
304510,2025-05-01,274.19,Standard List
304510,2025-06-01,259.5,Standard List
304510,2025-07-01,246.32,Standard List
304510,2025-08-01,240.57,Standard List
304510,2025-09-01,258.81,Standard List
304510,2025-10-01,261.12,Standard List
304510,2025-11-01,262.3,Standard List
304510,2025-12-01,244.76,Standard List
177347,2023-01-01,508.17,Standard List
177347,2023-02-01,502.36,Standard List
177347,2023-03-01,497.33,Standard List
177347,2023-04-01,509.81,Standard List
177347,2023-05-01,497.49,Standard List
177347,2023-06-01,520.55,Standard List
177347,2023-07-01,511.7,Standard List
177347,2023-08-01,506.57,Standard List
177347,2023-09-01,504.9,Standard List
177347,2023-10-01,509.96,Standard List
177347,2023-11-01,500.72,Standard List
177347,2023-12-01,521.34,Standard List
177347,2024-01-01,524.68,Standard List
177347,2024-02-01,531.51,Standard List
177347,2024-03-01,524.98,Standard List
177347,2024-04-01,527.43,Standard List
177347,2024-05-01,526.26,Standard List
177347,2024-06-01,522.98,Standard List
177347,2024-07-01,530.03,Standard List
177347,2024-08-01,537.87,Standard List
177347,2024-09-01,526.51,Standard List
177347,2024-10-01,536.43,Standard List
177347,2024-11-01,516.9,Standard List
177347,2024-12-01,524.29,Standard List
177347,2025-01-01,544.78,Standard List
177347,2025-02-01,556.02,Standard List
177347,2025-03-01,541.87,Standard List
177347,2025-04-01,528.66,Standard List
177347,2025-05-01,597.87,Standard List
177347,2025-06-01,552.33,Standard List
177347,2025-07-01,554.82,Standard List
177347,2025-08-01,545.22,Standard List
177347,2025-09-01,534.92,Standard List
177347,2025-10-01,544.3,Standard List
177347,2025-11-01,549.83,Standard List
177347,2025-12-01,586.71,Standard List
803390,2023-01-01,867.2,Standard List
803390,2023-02-01,871.46,Standard List
803390,2023-03-01,870.6,Standard List
803390,2023-04-01,864.05,Standard List
803390,2023-05-01,873.48,Standard List
803390,2023-06-01,879.7,Standard List
803390,2023-07-01,854.83,Standard List
803390,2023-08-01,866.78,Standard List
803390,2023-09-01,859.03,Standard List
803390,2023-10-01,869.71,Standard List
803390,2023-11-01,866.07,Standard List
803390,2023-12-01,918.87,Standard List
803390,2024-01-01,899.4,Standard List
803390,2024-02-01,902.75,Standard List
803390,2024-03-01,907.94,Standard List
803390,2024-04-01,917.53,Standard List
803390,2024-05-01,943.09,Standard List
803390,2024-06-01,880.45,Standard List
803390,2024-07-01,902.32,Standard List
803390,2024-08-01,900.47,Standard List
803390,2024-09-01,894.88,Standard List
803390,2024-10-01,891.85,Standard List
803390,2024-11-01,916.03,Standard List
803390,2024-12-01,896.28,Standard List
803390,2025-01-01,935.28,Standard List
803390,2025-02-01,870.19,Standard List
803390,2025-03-01,893.71,Standard List
803390,2025-04-01,930.07,Standard List
803390,2025-05-01,950.16,Standard List
803390,2025-06-01,931.94,Standard List
803390,2025-07-01,947.43,Standard List
803390,2025-08-01,934.77,Standard List
803390,2025-09-01,945.61,Standard List
803390,2025-10-01,928.76,Standard List
803390,2025-11-01,945.43,Standard List
803390,2025-12-01,933.0,Standard List
796522,2023-01-01,1043.85,Standard List
796522,2023-02-01,1020.9,Standard List
796522,2023-03-01,1041.71,Standard List
796522,2023-04-01,1047.6,Standard List
796522,2023-05-01,1044.78,Standard List
796522,2023-06-01,1041.56,Standard List
796522,2023-07-01,1039.74,Standard List
796522,2023-08-01,1041.05,Standard List
796522,2023-09-01,1109.12,Standard List
796522,2023-10-01,1046.73,Standard List
796522,2023-11-01,980.45,Standard List
796522,2023-12-01,1044.49,Standard List
796522,2024-01-01,1077.7,Standard List
796522,2024-02-01,1066.2,Standard List
796522,2024-03-01,1087.74,Standard List
796522,2024-04-01,1009.52,Standard List
796522,2024-05-01,1084.22,Standard List
796522,2024-06-01,1061.07,Standard List
796522,2024-07-01,1067.62,Standard List
796522,2024-08-01,1067.27,Standard List
796522,2024-09-01,1069.37,Standard List
796522,2024-10-01,1087.06,Standard List
796522,2024-11-01,1065.96,Standard List
796522,2024-12-01,1066.08,Standard List
796522,2025-01-01,1132.28,Standard List
796522,2025-02-01,1123.85,Standard List
796522,2025-03-01,1118.57,Standard List
796522,2025-04-01,1106.05,Standard List
796522,2025-05-01,1133.55,Standard List
796522,2025-06-01,1155.62,Standard List
796522,2025-07-01,1129.61,Standard List
796522,2025-08-01,1140.12,Standard List
796522,2025-09-01,1123.37,Standard List
796522,2025-10-01,1124.75,Standard List
796522,2025-11-01,1126.37,Standard List
796522,2025-12-01,1121.5,Standard List
264289,2023-01-01,222.42,Standard List
264289,2023-02-01,221.19,Standard List
264289,2023-03-01,218.62,Standard List
264289,2023-04-01,224.67,Standard List
264289,2023-05-01,227.38,Standard List
264289,2023-06-01,222.89,Standard List
264289,2023-07-01,222.18,Standard List
264289,2023-08-01,219.93,Standard List
264289,2023-09-01,221.06,Standard List
264289,2023-10-01,217.41,Standard List
264289,2023-11-01,220.44,Standard List
264289,2023-12-01,221.92,Standard List
264289,2024-01-01,229.34,Standard List
264289,2024-02-01,214.75,Standard List
264289,2024-03-01,234.97,Standard List
264289,2024-04-01,228.15,Standard List
264289,2024-05-01,228.52,Standard List
264289,2024-06-01,230.01,Standard List
264289,2024-07-01,229.66,Standard List
264289,2024-08-01,228.86,Standard List
264289,2024-09-01,229.05,Standard List
264289,2024-10-01,228.88,Standard List
264289,2024-11-01,226.8,Standard List
264289,2024-12-01,229.29,Standard List
264289,2025-01-01,235.72,Standard List
264289,2025-02-01,232.26,Standard List
264289,2025-03-01,234.2,Standard List
264289,2025-04-01,235.65,Standard List
264289,2025-05-01,237.22,Standard List
264289,2025-06-01,236.96,Standard List
264289,2025-07-01,234.67,Standard List
264289,2025-08-01,233.96,Standard List
264289,2025-09-01,233.28,Standard List
264289,2025-10-01,238.84,Standard List
264289,2025-11-01,233.8,Standard List
264289,2025-12-01,239.34,Standard List
433707,2023-01-01,345.19,Standard List
433707,2023-02-01,354.48,Standard List
433707,2023-03-01,345.98,Standard List
433707,2023-04-01,339.39,Standard List
433707,2023-05-01,360.9,Standard List
433707,2023-06-01,359.7,Standard List
433707,2023-07-01,344.45,Standard List
433707,2023-08-01,345.32,Standard List
433707,2023-09-01,351.12,Standard List
433707,2023-10-01,344.94,Standard List
433707,2023-11-01,349.22,Standard List
433707,2023-12-01,343.43,Standard List
433707,2024-01-01,363.09,Standard List
433707,2024-02-01,355.5,Standard List
433707,2024-03-01,358.84,Standard List
433707,2024-04-01,357.59,Standard List
433707,2024-05-01,358.45,Standard List
433707,2024-06-01,355.37,Standard List
433707,2024-07-01,364.71,Standard List
433707,2024-08-01,360.02,Standard List
433707,2024-09-01,366.86,Standard List
433707,2024-10-01,366.34,Standard List
433707,2024-11-01,349.32,Standard List
433707,2024-12-01,362.43,Standard List
433707,2025-01-01,349.57,Standard List
433707,2025-02-01,371.83,Standard List
433707,2025-03-01,371.84,Standard List
433707,2025-04-01,369.64,Standard List
433707,2025-05-01,376.36,Standard List
433707,2025-06-01,371.12,Standard List
433707,2025-07-01,369.77,Standard List
433707,2025-08-01,373.6,Standard List
433707,2025-09-01,372.33,Standard List
433707,2025-10-01,372.06,Standard List
433707,2025-11-01,372.31,Standard List
433707,2025-12-01,368.23,Standard List
215298,2023-01-01,92.4,Standard List
215298,2023-02-01,94.09,Standard List
215298,2023-03-01,93.15,Standard List
215298,2023-04-01,94.77,Standard List
215298,2023-05-01,94.8,Standard List
215298,2023-06-01,94.76,Standard List
215298,2023-07-01,93.35,Standard List
215298,2023-08-01,95.2,Standard List
215298,2023-09-01,95.67,Standard List
215298,2023-10-01,94.36,Standard List
215298,2023-11-01,94.1,Standard List
215298,2023-12-01,96.63,Standard List
215298,2024-01-01,97.02,Standard List
215298,2024-02-01,96.2,Standard List
215298,2024-03-01,99.31,Standard List
215298,2024-04-01,98.03,Standard List
215298,2024-05-01,98.13,Standard List
215298,2024-06-01,97.1,Standard List
215298,2024-07-01,95.95,Standard List
215298,2024-08-01,98.1,Standard List
215298,2024-09-01,97.15,Standard List
215298,2024-10-01,98.28,Standard List
215298,2024-11-01,97.7,Standard List
215298,2024-12-01,99.95,Standard List
215298,2025-01-01,100.57,Standard List
215298,2025-02-01,101.76,Standard List
215298,2025-03-01,99.76,Standard List
215298,2025-04-01,99.77,Standard List
215298,2025-05-01,103.46,Standard List
215298,2025-06-01,101.93,Standard List
215298,2025-07-01,100.31,Standard List
215298,2025-08-01,101.11,Standard List
215298,2025-09-01,101.98,Standard List
215298,2025-10-01,102.09,Standard List
215298,2025-11-01,101.05,Standard List
215298,2025-12-01,99.98,Standard List
184755,2023-01-01,539.61,Standard List
184755,2023-02-01,540.61,Standard List
184755,2023-03-01,542.75,Standard List
184755,2023-04-01,538.74,Standard List
184755,2023-05-01,541.43,Standard List
184755,2023-06-01,540.67,Standard List
184755,2023-07-01,539.33,Standard List
184755,2023-08-01,535.44,Standard List
184755,2023-09-01,518.04,Standard List
184755,2023-10-01,530.69,Standard List
184755,2023-11-01,539.29,Standard List
184755,2023-12-01,542.72,Standard List
184755,2024-01-01,562.15,Standard List
184755,2024-02-01,540.27,Standard List
184755,2024-03-01,562.68,Standard List
184755,2024-04-01,570.89,Standard List
184755,2024-05-01,557.81,Standard List
184755,2024-06-01,563.44,Standard List
184755,2024-07-01,557.55,Standard List
184755,2024-08-01,523.37,Standard List
184755,2024-09-01,567.08,Standard List
184755,2024-10-01,550.64,Standard List
184755,2024-11-01,561.57,Standard List
184755,2024-12-01,558.35,Standard List
184755,2025-01-01,582.51,Standard List
184755,2025-02-01,586.74,Standard List
184755,2025-03-01,574.94,Standard List
184755,2025-04-01,576.86,Standard List
184755,2025-05-01,577.87,Standard List
184755,2025-06-01,577.52,Standard List
184755,2025-07-01,582.54,Standard List
184755,2025-08-01,580.73,Standard List
184755,2025-09-01,574.33,Standard List
184755,2025-10-01,578.44,Standard List
184755,2025-11-01,576.63,Standard List
184755,2025-12-01,567.96,Standard List
844857,2023-01-01,217.88,Standard List
844857,2023-02-01,219.26,Standard List
844857,2023-03-01,213.34,Standard List
844857,2023-04-01,213.38,Standard List
844857,2023-05-01,213.89,Standard List
844857,2023-06-01,214.64,Standard List
844857,2023-07-01,211.52,Standard List
844857,2023-08-01,213.86,Standard List
844857,2023-09-01,213.8,Standard List
844857,2023-10-01,218.42,Standard List
844857,2023-11-01,213.13,Standard List
844857,2023-12-01,212.37,Standard List
844857,2024-01-01,220.77,Standard List
844857,2024-02-01,215.61,Standard List
844857,2024-03-01,225.43,Standard List
844857,2024-04-01,225.29,Standard List
844857,2024-05-01,224.34,Standard List
844857,2024-06-01,219.38,Standard List
844857,2024-07-01,220.01,Standard List
844857,2024-08-01,224.59,Standard List
844857,2024-09-01,219.82,Standard List
844857,2024-10-01,228.62,Standard List
844857,2024-11-01,221.39,Standard List
844857,2024-12-01,219.64,Standard List
844857,2025-01-01,224.63,Standard List
844857,2025-02-01,229.63,Standard List
844857,2025-03-01,229.42,Standard List
844857,2025-04-01,225.63,Standard List
844857,2025-05-01,234.48,Standard List
844857,2025-06-01,225.43,Standard List
844857,2025-07-01,228.61,Standard List
844857,2025-08-01,228.56,Standard List
844857,2025-09-01,228.92,Standard List
844857,2025-10-01,233.09,Standard List
844857,2025-11-01,238.96,Standard List
844857,2025-12-01,230.31,Standard List
