sales_rep_id,year,revenue_target,gross_margin_target,max_discount_guideline
2001,2023,2535117.09,0.4284,0.1308
2001,2024,3505311.57,0.4558,0.0734
2001,2025,2952974.91,0.3636,0.0951
2002,2023,2179884.59,0.3572,0.1264
2002,2024,3594639.62,0.3786,0.0942
2002,2025,3831100.1,0.4004,0.1268
2003,2023,4772562.5,0.3931,0.1164
2003,2024,2004495.66,0.4593,0.0736
2003,2025,1457305.3,0.3763,0.0836
2004,2023,1891472.7,0.4335,0.0801
2004,2024,3566962.14,0.4028,0.1386
2004,2025,2410685.54,0.3075,0.1259
2005,2023,3182394.92,0.4061,0.074
2005,2024,1406906.27,0.3759,0.0704
2005,2025,4659639.22,0.4365,0.079
2006,2023,2365913.89,0.4528,0.0983
2006,2024,2745608.53,0.4059,0.0727
2006,2025,4771329.6,0.3627,0.0732
2007,2023,1840706.58,0.348,0.0993
2007,2024,3708973.57,0.3661,0.0858
2007,2025,3112133.71,0.3474,0.0914
2008,2023,1419383.29,0.3251,0.0795
2008,2024,2559888.19,0.4031,0.1248
2008,2025,3577918.73,0.3679,0.0942
2009,2023,3023847.94,0.3348,0.0965
2009,2024,2703736.41,0.367,0.1364
2009,2025,3323635.07,0.4142,0.1256
2010,2023,4554638.84,0.418,0.1074
2010,2024,4012273.94,0.4491,0.0833
2010,2025,3460889.24,0.4191,0.0835
2011,2023,4768592.02,0.3501,0.1174
2011,2024,2964047.65,0.3121,0.094
2011,2025,3036632.41,0.4046,0.1305
2012,2023,1292832.58,0.4167,0.0934
2012,2024,2266774.56,0.4434,0.1028
2012,2025,2841202.62,0.3021,0.0936
2013,2023,1838770.74,0.3562,0.0764
2013,2024,4131292.32,0.4403,0.086
2013,2025,3662636.8,0.4342,0.1179
2014,2023,2066262.72,0.4055,0.1256
2014,2024,4449021.48,0.4453,0.1073
2014,2025,3928033.24,0.3508,0.0955
2015,2023,2358762.28,0.4341,0.0967
2015,2024,4163253.98,0.4235,0.1231
2015,2025,1867971.07,0.3272,0.1061
2016,2023,3291893.44,0.3658,0.1052
2016,2024,3428942.29,0.4083,0.0754
2016,2025,2287191.99,0.3321,0.1395
2017,2023,2929935.55,0.3114,0.1187
2017,2024,3162446.65,0.3306,0.0765
2017,2025,4691125.53,0.4498,0.0822
2018,2023,1259965.8,0.4048,0.1254
2018,2024,2810728.1,0.3717,0.1091
2018,2025,2776145.81,0.3229,0.0745
2019,2023,3563239.56,0.3993,0.1193
2019,2024,3018656.68,0.413,0.1224
2019,2025,4231333.92,0.3192,0.0817
2020,2023,2898818.29,0.3405,0.0719
2020,2024,4585242.21,0.4346,0.0917
2020,2025,2916212.05,0.3989,0.0833
2021,2023,2913200.19,0.3003,0.0812
2021,2024,2357760.85,0.4048,0.1108
2021,2025,2917712.5,0.3786,0.1232
2022,2023,3145380.59,0.3888,0.1376
2022,2024,3359183.25,0.3029,0.1241
2022,2025,2111430.4,0.3278,0.1306
2023,2023,3761746.81,0.4135,0.086
2023,2024,3335565.69,0.4194,0.0936
2023,2025,1563671.3,0.3981,0.1064
2024,2023,4402726.62,0.346,0.1039
2024,2024,1586317.99,0.4053,0.1002
2024,2025,2413746.32,0.3146,0.1093
2025,2023,4009748.17,0.4467,0.1399
2025,2024,1205562.57,0.3672,0.095
2025,2025,1555284.67,0.4428,0.1342
2026,2023,3087116.57,0.4506,0.1117
2026,2024,3510298.46,0.3327,0.1385
2026,2025,1958501.85,0.446,0.135
2027,2023,3834374.42,0.3266,0.1206
2027,2024,3745556.39,0.3829,0.0905
2027,2025,2553331.74,0.426,0.1039
2028,2023,2128893.88,0.4413,0.1165
2028,2024,1473780.82,0.4156,0.0889
2028,2025,1313365.41,0.3499,0.1358
2029,2023,3448683.08,0.4307,0.1173
2029,2024,3636883.91,0.4201,0.1168
2029,2025,3150128.92,0.3559,0.0703
2030,2023,2314101.22,0.307,0.0924
2030,2024,3904117.73,0.3329,0.0803
2030,2025,3546510.65,0.3493,0.1359
2031,2023,1218334.28,0.4311,0.0941
2031,2024,3800269.52,0.4524,0.0912
2031,2025,4754067.55,0.4114,0.1114
2032,2023,2722332.25,0.3939,0.09
2032,2024,3217466.35,0.3737,0.0814
2032,2025,4179001.13,0.3833,0.0842
2033,2023,2630864.43,0.3414,0.1214
2033,2024,3274005.98,0.3124,0.0709
2033,2025,3338043.28,0.3924,0.1148
2034,2023,3536267.24,0.3913,0.0909
2034,2024,2198805.9,0.4392,0.1244
2034,2025,3868721.85,0.4437,0.0906
2035,2023,1242601.78,0.3518,0.0986
2035,2024,3756839.61,0.371,0.1147
2035,2025,2720613.92,0.3197,0.0969
2036,2023,2466185.46,0.3225,0.0914
2036,2024,4052872.26,0.4089,0.0926
2036,2025,1212766.82,0.3724,0.1307
2037,2023,2659605.91,0.3324,0.0988
2037,2024,3856638.04,0.3938,0.1058
2037,2025,1848624.6,0.4288,0.1165
2038,2023,3470284.77,0.3718,0.1376
2038,2024,3376759.82,0.3727,0.1193
2038,2025,4154122.92,0.438,0.133
2039,2023,3152010.69,0.3492,0.1218
2039,2024,4300160.65,0.4178,0.1037
2039,2025,4549792.81,0.4588,0.0751
2040,2023,3313185.51,0.4375,0.1135
2040,2024,4256667.75,0.3431,0.1262
2040,2025,1575102.41,0.4569,0.131