sales_rep_id,sales_rep_name,territory,sales_channel
2001,Rep 2001,West,Inside Sales
2002,Rep 2002,Midwest,Field Sales
2003,Rep 2003,West,National Accounts
2004,Rep 2004,South,Field Sales
2005,Rep 2005,Canada,National Accounts
2006,Rep 2006,Midwest,Field Sales
2007,Rep 2007,Canada,Distributor Sales
2008,Rep 2008,Northeast,Distributor Sales
2009,Rep 2009,West,Field Sales
2010,Rep 2010,West,Distributor Sales
2011,Rep 2011,Northeast,Inside Sales
2012,Rep 2012,South,Inside Sales
2013,Rep 2013,Mexico,Distributor Sales
2014,Rep 2014,West,Distributor Sales
2015,Rep 2015,Midwest,National Accounts
2016,Rep 2016,South,Field Sales
2017,Rep 2017,Northeast,National Accounts
2018,Rep 2018,West,Inside Sales
2019,Rep 2019,West,Distributor Sales
2020,Rep 2020,Midwest,Distributor Sales
2021,Rep 2021,West,Field Sales
2022,Rep 2022,Canada,National Accounts
2023,Rep 2023,Canada,Inside Sales
2024,Rep 2024,Midwest,National Accounts
2025,Rep 2025,Northeast,Inside Sales
2026,Rep 2026,South,National Accounts
2027,Rep 2027,Northeast,Distributor Sales
2028,Rep 2028,South,Inside Sales
2029,Rep 2029,Midwest,Distributor Sales
2030,Rep 2030,Midwest,Field Sales
2031,Rep 2031,Canada,National Accounts
2032,Rep 2032,Northeast,Inside Sales
2033,Rep 2033,Canada,Field Sales
2034,Rep 2034,Midwest,Inside Sales
2035,Rep 2035,West,Inside Sales
2036,Rep 2036,South,Inside Sales
2037,Rep 2037,Canada,National Accounts
2038,Rep 2038,Canada,Inside Sales
2039,Rep 2039,South,Field Sales
2040,Rep 2040,West,Distributor Sales
